ISO.Code,Country.Name,Uncertainty.Bounds*,1990.5,1991.5,1992.5,1993.5,1994.5,1995.5,1996.5,1997.5,1998.5,1999.5,2000.5,2001.5,2002.5,2003.5,2004.5,2005.5,2006.5,2007.5,2008.5,2009.5,2010.5,2011.5,2012.5,2013.5,2014.5,2015.5,2016.5,2017.5,2018.5,2019.5,2020.5
AFG,Afghanistan,Lower,0,0,0,0,0,0,27,180,521,494,612,752,846,948,1096,1292,1484,1590,1563,1486,1450,1390,1313,1163,880,428,0,0,0,0,0
AFG,Afghanistan,Median,3158,3151,3186,3224,3232,3190,3084,2954,3623,2766,2736,2725,2744,2789,2851,2926,3037,3163,3284,3354,3376,3326,3228,3074,2890,2724,2594,2500,2425,2373,2483
AFG,Afghanistan,Upper,9046,8299,7841,7455,6931,6455,6086,5714,6829,5193,5057,4979,4873,4796,4703,4648,4624,4813,5213,5683,5976,5988,5775,5621,5634,5769,5958,6109,6309,6425,7142
ALB,Albania,Lower,153,147,140,132,126,121,115,131,110,109,107,104,100,95,90,85,79,74,70,66,63,58,53,49,45,42,38,35,31,28,25
ALB,Albania,Median,172,163,154,145,138,133,127,146,122,121,119,117,113,109,105,100,95,89,84,80,75,69,63,58,53,49,45,42,38,36,33
ALB,Albania,Upper,191,178,167,158,150,145,139,160,134,133,132,130,128,125,122,117,111,105,100,94,89,81,73,67,61,57,53,49,46,44,42
DZA,Algeria,Lower,2168,2155,2147,2150,2159,2174,2178,2175,2156,2118,2058,1980,1889,2012,1706,1612,1517,1422,1327,1243,1174,1119,1078,1050,1032,1030,1045,1073,1102,1118,1115
DZA,Algeria,Median,2551,2548,2541,2527,2506,2475,2433,2383,2322,2250,2166,2077,1980,2107,1783,1682,1581,1480,1382,1293,1222,1165,1123,1094,1077,1077,1092,1120,1157,1193,1222
DZA,Algeria,Upper,2953,2968,2957,2927,2873,2799,2703,2600,2494,2385,2281,2178,2072,2202,1860,1754,1645,1538,1436,1343,1270,1210,1168,1140,1124,1123,1138,1169,1212,1269,1333
AND,Andorra,Lower,1,1,1,1,1,1,1,1,1,1,0,0,0,0,0,0,0,0,0,0,0,0,0,0,0,0,0,0,0,0,0
AND,Andorra,Median,1,1,1,1,1,1,1,1,1,1,1,1,1,1,1,1,1,1,1,1,1,0,0,0,0,0,0,0,0,0,0
AND,Andorra,Upper,1,1,1,1,1,1,1,1,1,1,1,1,1,1,1,1,1,1,1,1,1,1,1,1,1,0,0,0,0,0,0
AGO,Angola,Lower,4284,3780,4614,4068,4224,4370,4499,4621,4732,4830,4898,4934,4949,4942,4909,4860,4779,4698,4612,4527,4450,4373,4303,4253,4224,4216,4232,4266,4298,4327,4356
AGO,Angola,Median,5552,4892,5981,5264,5466,5655,5822,5979,6121,6247,6334,6379,6396,6386,6341,6275,6167,6061,5947,5836,5735,5633,5541,5476,5437,5426,5446,5488,5529,5565,5602
AGO,Angola,Upper,7168,6303,7722,6783,7043,7285,7500,7701,7883,8044,8153,8208,8227,8211,8149,8061,7918,7778,7629,7482,7349,7216,7096,7009,6958,6942,6966,7019,7070,7116,7161
ATG,Antigua and Barbuda,Lower,1,1,2,2,2,2,2,2,2,2,2,2,2,2,2,2,2,2,2,2,1,1,1,1,1,1,1,1,1,1,1
ATG,Antigua and Barbuda,Median,2,2,2,2,2,2,2,2,2,2,2,2,2,2,2,2,2,2,2,2,2,2,2,2,2,1,1,1,1,1,1
ATG,Antigua and Barbuda,Upper,2,2,2,3,3,3,3,3,3,3,3,3,3,3,3,3,3,3,3,2,2,2,2,2,2,2,2,2,2,2,2
ARG,Argentina,Lower,1116,1117,1100,1073,1042,1013,1001,999,996,994,988,981,974,976,996,1016,1026,1022,1006,982,951,915,878,852,840,825,808,788,762,722,670
ARG,Argentina,Median,1171,1165,1148,1119,1085,1059,1043,1038,1037,1034,1029,1022,1018,1024,1040,1057,1068,1067,1052,1023,988,951,917,892,874,858,841,821,798,773,749
ARG,Argentina,Upper,1226,1216,1198,1167,1128,1102,1085,1079,1081,1077,1071,1061,1061,1068,1079,1099,1111,1114,1100,1065,1028,986,955,929,908,893,877,858,835,824,826
ARM,Armenia,Lower,84,79,74,69,64,60,58,56,54,53,51,49,47,44,42,40,38,36,33,32,30,29,29,29,29,29,30,30,30,29,29
ARM,Armenia,Median,97,90,83,77,72,68,65,63,61,60,58,56,53,51,48,46,44,41,39,36,35,34,34,34,34,34,35,36,36,37,38
ARM,Armenia,Upper,109,100,92,85,79,75,72,70,68,67,65,63,60,58,55,52,49,47,44,41,40,39,38,38,38,39,40,42,44,46,49
AUS,Australia,Lower,224,220,217,216,213,208,202,196,190,183,177,171,164,158,153,148,143,140,136,133,131,129,127,125,124,124,125,125,124,122,118
AUS,Australia,Median,244,237,233,230,227,222,216,209,202,196,189,184,178,173,168,164,159,155,151,147,144,142,139,137,136,135,135,136,137,138,137
AUS,Australia,Upper,265,255,249,246,243,240,234,226,218,210,202,196,191,186,182,177,172,167,162,158,155,153,152,150,148,146,147,148,151,155,159
AUT,Austria,Lower,66,66,66,67,68,67,66,64,61,59,57,56,55,55,54,52,50,48,46,44,42,40,39,38,36,35,34,33,32,31,30
AUT,Austria,Median,76,75,75,75,75,74,73,70,68,65,63,62,62,61,60,58,56,54,51,49,47,45,44,42,41,40,39,39,38,37,37
AUT,Austria,Upper,87,85,83,83,82,82,79,77,74,71,69,68,68,67,66,64,62,59,57,54,52,50,48,47,46,45,45,44,44,44,44
AZE,Azerbaijan,Lower,278,298,350,341,361,377,390,397,400,401,397,389,377,361,342,319,295,270,246,227,211,199,190,185,182,183,187,193,200,208,226
AZE,Azerbaijan,Median,303,321,376,364,384,400,413,420,424,425,421,412,400,383,363,340,314,288,263,243,226,213,204,198,195,196,200,207,217,229,257
AZE,Azerbaijan,Upper,327,344,402,388,407,424,436,443,448,448,445,436,423,406,385,361,334,306,280,258,241,227,217,211,208,209,213,221,235,252,290
BHS,Bahamas,Lower,5,5,6,6,7,7,8,8,8,8,8,8,8,8,8,8,8,8,8,8,8,7,7,7,6,6,6,5,5,8,4
BHS,Bahamas,Median,8,9,9,10,10,10,10,10,10,10,10,10,10,10,10,10,10,10,10,10,10,10,10,9,9,9,9,9,9,31,8
BHS,Bahamas,Upper,12,12,12,13,13,13,13,13,13,13,13,13,13,13,13,13,13,13,13,13,13,12,12,12,12,12,12,12,13,56,12
BHR,Bahrain,Lower,10,11,11,12,12,13,13,12,12,12,12,12,13,13,13,13,13,13,13,13,13,14,13,13,13,14,14,14,13,13,12
BHR,Bahrain,Median,15,15,15,15,16,16,16,16,16,15,16,16,16,16,16,16,17,17,17,17,17,17,17,17,17,17,17,18,18,18,18
BHR,Bahrain,Upper,20,20,19,19,19,20,20,20,20,20,20,20,20,19,19,19,19,20,20,20,20,20,20,20,20,21,21,22,23,24,25
BGD,Bangladesh,Lower,14155,22747,14115,15121,15739,15888,15221,14312,13210,11504,9852,8685,8742,9484,10338,11155,11482,11570,11408,10771,10109,9155,8349,7592,7117,6799,6166,5157,3844,2570,1638
BGD,Bangladesh,Median,20989,34720,20639,20611,20718,20734,20146,18611,16441,14334,12697,11741,11587,12096,12912,13684,14175,14178,13741,13018,12159,11256,10432,9759,9244,8920,8757,8807,8960,9066,9082
BGD,Bangladesh,Upper,28410,47177,27468,26607,26161,26069,25709,23394,20149,17479,15815,15001,14577,14767,15597,16468,17114,17048,16362,15462,14424,13524,12658,11982,11534,11285,11580,12902,15362,18411,21679
BRB,Barbados,Lower,4,4,4,4,4,5,5,5,5,5,5,5,5,5,4,4,4,4,4,4,4,3,3,3,3,3,3,2,2,2,2
BRB,Barbados,Median,7,6,6,6,6,6,6,6,6,6,6,6,6,6,6,6,6,6,6,5,5,5,5,5,5,5,5,5,5,4,4
BRB,Barbados,Upper,10,9,9,8,8,8,8,8,8,8,8,8,8,8,7,7,7,7,7,7,7,7,8,8,8,8,8,8,8,8,8
BLR,Belarus,Lower,259,259,257,255,252,248,242,235,228,219,207,192,176,160,145,132,120,109,100,91,84,78,73,70,66,64,61,58,55,52,48
BLR,Belarus,Median,281,278,275,272,269,264,259,252,245,235,223,208,191,174,158,144,131,120,109,100,92,86,80,76,73,71,69,67,64,62,60
BLR,Belarus,Upper,305,297,293,290,286,281,276,269,262,252,239,223,206,188,171,156,142,130,120,110,102,94,88,84,80,78,76,75,74,73,73
BEL,Belgium,Lower,115,112,109,107,104,101,98,95,92,89,86,84,81,79,76,73,71,68,65,62,60,58,56,55,53,51,50,48,47,45,43
BEL,Belgium,Median,129,124,120,116,113,109,106,103,99,96,93,91,88,86,83,81,78,75,72,69,66,64,62,61,59,58,57,56,56,55,54
BEL,Belgium,Upper,142,135,130,126,122,118,114,111,107,104,101,98,95,93,90,88,85,82,78,75,72,70,68,67,66,65,65,65,66,67,68
BLZ,Belize,Lower,7,8,8,9,10,10,11,11,11,11,12,12,12,12,13,13,13,13,13,13,13,13,12,12,11,11,10,9,9,8,7
BLZ,Belize,Median,11,11,12,12,13,13,13,13,14,14,14,14,15,15,15,15,16,16,16,16,16,15,15,15,15,14,14,14,13,13,12
BLZ,Belize,Upper,15,15,15,15,16,16,16,16,16,16,17,17,17,18,18,18,18,19,19,19,19,19,18,18,18,18,18,18,18,18,18
BEN,Benin,Lower,851,886,910,936,963,974,988,1000,1032,1052,1076,1090,1120,1128,1136,1126,1124,1115,1094,1066,1036,1002,966,931,878,824,773,721,667,594,547
BEN,Benin,Median,1727,1744,1762,1782,1801,1816,1833,1851,1869,1890,1912,1938,1961,1984,2011,2030,2045,2062,2075,2088,2100,2107,2111,2120,2129,2140,2149,2157,2175,2180,2180
BEN,Benin,Upper,2677,2671,2656,2656,2662,2671,2685,2695,2720,2747,2780,2809,2840,2896,2943,2980,3046,3095,3153,3215,3271,3332,3392,3467,3547,3649,3766,3882,4027,4153,4289
BTN,Bhutan,Lower,0,0,0,0,0,0,0,0,0,0,0,0,0,5,11,15,20,24,28,31,31,31,29,27,24,22,20,19,18,16,15
BTN,Bhutan,Median,33,35,37,39,41,43,46,50,53,57,70,64,67,70,72,75,77,78,79,80,81,81,81,81,79,78,76,73,71,69,67
BTN,Bhutan,Upper,182,165,151,141,136,135,137,138,140,142,163,142,140,139,137,135,135,133,133,133,133,135,137,138,139,139,138,138,138,138,138
BOL,Bolivia (Plurinational State of),Lower,423,422,421,416,409,409,408,408,405,405,397,385,374,361,348,328,309,289,266,243,219,193,178,165,150,136,122,112,105,99,92
BOL,Bolivia (Plurinational State of),Median,756,748,741,734,730,725,722,719,717,715,713,708,704,700,695,690,682,674,665,655,644,635,625,615,605,592,580,568,555,539,528
BOL,Bolivia (Plurinational State of),Upper,1100,1080,1066,1052,1039,1032,1024,1022,1024,1027,1034,1042,1051,1064,1077,1091,1103,1120,1135,1157,1178,1202,1220,1238,1248,1260,1266,1277,1282,1284,1307
BIH,Bosnia and Herzegovina,Lower,76,71,222,212,142,57,48,46,44,43,42,40,38,37,35,33,32,31,30,29,28,26,24,22,20,18,17,17,16,16,15
BIH,Bosnia and Herzegovina,Median,92,85,288,276,183,69,56,54,52,51,49,47,45,42,40,39,38,36,36,34,33,31,29,27,25,24,23,23,23,24,24
BIH,Bosnia and Herzegovina,Upper,107,98,353,340,224,81,66,63,60,58,56,53,51,48,46,44,43,42,41,40,38,37,35,32,30,29,29,30,31,33,35
BWA,Botswana,Lower,59,64,68,71,73,76,75,75,76,75,75,73,71,67,65,61,69,56,56,56,56,55,55,53,48,44,38,33,29,25,22
BWA,Botswana,Median,245,247,247,246,244,240,237,233,227,221,215,210,205,200,195,190,212,179,174,170,166,163,161,160,160,159,159,158,158,157,156
BWA,Botswana,Upper,439,438,435,431,425,419,409,395,380,366,352,340,329,321,313,305,342,290,283,277,272,269,266,267,269,274,281,290,299,309,319
BRA,Brazil,Lower,6900,6927,6932,6942,6947,6903,6814,6684,6517,6363,6215,6091,5988,5894,5819,5749,5705,5674,5640,5597,5514,5403,5252,5078,4898,4720,4558,4400,4235,4063,3870
BRA,Brazil,Median,7215,7189,7182,7189,7189,7149,7053,6909,6741,6575,6428,6298,6186,6091,6006,5938,5891,5858,5825,5776,5693,5573,5420,5243,5057,4876,4706,4550,4408,4282,4171
BRA,Brazil,Upper,7529,7450,7436,7441,7433,7390,7291,7138,6964,6789,6637,6497,6385,6288,6196,6127,6077,6042,6007,5956,5871,5747,5591,5413,5219,5036,4861,4706,4583,4510,4483
BRN,Brunei Darussalam,Lower,7,7,7,7,7,7,7,7,7,7,7,7,7,7,7,7,7,6,6,6,6,6,6,5,5,5,4,4,4,3,3
BRN,Brunei Darussalam,Median,11,11,10,10,10,10,10,9,9,9,9,9,9,9,9,9,9,8,8,8,8,8,8,7,7,7,7,6,6,6,6
BRN,Brunei Darussalam,Upper,15,15,14,13,13,12,12,12,12,11,11,11,11,11,11,11,11,10,10,10,10,10,10,10,9,9,9,9,9,9,9
BGR,Bulgaria,Lower,220,215,207,198,192,188,181,174,168,158,141,125,115,110,107,104,98,90,82,76,70,65,60,58,56,55,55,56,56,55,51
BGR,Bulgaria,Median,245,238,229,219,211,207,202,196,187,176,162,148,137,129,123,117,110,103,95,86,79,73,69,66,64,63,64,64,65,65,65
BGR,Bulgaria,Upper,271,260,250,239,232,226,225,220,209,194,181,173,162,149,138,130,125,118,108,98,89,82,77,74,73,72,72,73,75,77,80
BFA,Burkina Faso,Lower,734,831,938,1052,1131,1180,1198,1225,1238,1238,1246,1235,1238,1230,1200,1155,1077,944,814,617,437,230,59,0,0,0,0,0,0,0,0
BFA,Burkina Faso,Median,2443,2499,2565,2637,2714,2785,2837,2886,2930,2964,2997,3012,3035,3053,3068,3072,3070,3076,3075,3088,3102,3106,3116,3129,3144,3164,3182,3200,3209,3226,3236
BFA,Burkina Faso,Upper,4123,4131,4159,4255,4379,4520,4654,4839,4960,5015,5101,5070,5031,5039,5022,5029,5088,5237,5434,5652,5877,6118,6385,6739,7098,7529,8046,8616,9203,9842,10470
BDI,Burundi,Lower,968,1088,1132,3488,1351,1487,1584,1708,1804,1847,1893,1929,1929,1873,1754,1578,1352,1166,1040,939,876,842,825,815,794,703,553,399,266,164,55
BDI,Burundi,Median,2911,3231,3552,7989,4115,4334,4471,4580,4670,4712,4691,4529,4274,3959,3611,3261,2929,2649,2433,2283,2196,2161,2171,2215,2278,2360,2445,2529,2604,2667,2725
BDI,Burundi,Upper,5275,5849,6525,13658,7542,7871,8033,8131,8141,8033,7867,7555,7053,6431,5757,5137,4624,4265,3996,3792,3688,3666,3701,3817,4034,4389,4891,5549,6301,7044,7642
CPV,Cabo Verde,Lower,17,18,19,21,22,35,23,24,24,24,24,24,23,23,22,21,19,18,16,15,14,13,12,11,10,9,9,8,7,6,6
CPV,Cabo Verde,Median,25,25,26,26,27,44,28,29,29,29,28,28,27,27,26,24,23,21,20,18,17,16,15,14,13,13,12,12,11,11,10
CPV,Cabo Verde,Upper,33,32,32,32,33,53,33,34,33,33,33,32,32,31,30,28,27,25,23,22,20,19,18,17,17,17,16,16,16,15,15
KHM,Cambodia,Lower,86,198,340,464,567,684,758,814,837,837,814,775,732,689,640,582,496,422,345,267,196,136,74,19,0,0,0,0,0,0,0
KHM,Cambodia,Median,1552,1632,1773,1948,2096,2177,2235,2229,2160,2050,1930,1801,1697,1621,1551,1471,1362,1251,1138,1036,954,878,811,754,710,677,653,640,634,630,624
KHM,Cambodia,Upper,3068,3085,3227,3444,3613,3706,3778,3736,3570,3368,3135,2911,2718,2580,2478,2381,2240,2115,1982,1876,1797,1711,1645,1580,1529,1519,1531,1564,1604,1645,1700
CMR,Cameroon,Lower,1889,1972,2072,2159,2262,2330,2413,2474,2546,2600,2656,2688,2704,2740,2748,2736,2738,2730,2736,2720,2682,2649,2620,2535,2417,2269,2075,1832,1598,1420,1271
CMR,Cameroon,Median,3214,3338,3466,3601,3736,3868,3986,4106,4218,4325,4426,4510,4589,4660,4735,4802,4858,4920,4986,5059,5139,5230,5339,5451,5569,5685,5793,5900,5988,6060,6110
CMR,Cameroon,Upper,4698,4843,5033,5224,5419,5624,5793,5962,6129,6310,6464,6582,6667,6774,6858,6996,7089,7205,7311,7462,7687,7929,8225,8569,8932,9364,9809,10220,10599,10967,11395
CAN,Canada,Lower,391,386,381,373,365,356,348,338,328,317,307,299,291,285,279,271,262,252,241,230,220,214,209,204,199,194,193,192,190,186,181
CAN,Canada,Median,417,408,400,391,383,373,364,354,344,333,323,315,308,302,295,287,277,266,255,244,234,228,222,216,211,207,206,206,207,207,205
CAN,Canada,Upper,443,430,420,410,401,391,382,372,361,349,338,331,324,318,310,302,292,281,269,257,246,240,234,229,223,219,220,222,225,229,231
CAF,Central African Republic,Lower,316,299,283,274,271,269,279,299,323,341,379,416,453,483,496,488,465,455,425,408,384,345,321,299,262,254,226,193,149,104,57
CAF,Central African Republic,Median,808,817,837,860,887,913,942,970,997,1028,1056,1086,1120,1155,1199,1246,1296,1350,1406,1459,1503,1541,1572,1603,1721,1650,1657,1659,1664,1665,1664
CAF,Central African Republic,Upper,1370,1401,1435,1474,1512,1545,1577,1611,1653,1704,1755,1811,1864,1944,2039,2167,2345,2548,2761,2942,3107,3218,3311,3376,3709,3576,3669,3805,3991,4168,4298
TCD,Chad,Lower,499,605,699,791,894,983,1066,1157,1246,1332,1433,1536,1622,1714,1799,1880,1935,1982,2018,2048,2075,2070,2059,2061,2014,1973,1869,1810,1725,1615,1520
TCD,Chad,Median,2277,2321,2369,2424,2484,2545,2609,2682,2755,2834,2917,3005,3107,3215,3324,3430,3532,3630,3736,3837,3944,4040,4144,4254,4352,4438,4521,4601,4672,4734,4789
TCD,Chad,Upper,4197,4177,4163,4156,4157,4156,4177,4211,4269,4349,4410,4514,4624,4765,4902,5049,5205,5367,5528,5679,5853,6049,6258,6522,6731,6981,7254,7566,7843,8127,8380
CHL,Chile,Lower,383,374,363,353,344,336,329,324,319,314,309,303,297,291,284,276,266,256,244,234,251,215,206,198,191,185,180,175,171,166,160
CHL,Chile,Median,408,395,382,370,360,351,345,339,335,330,324,319,314,307,300,291,281,270,259,247,266,227,218,210,203,197,192,189,186,183,180
CHL,Chile,Upper,434,416,401,388,376,368,360,355,350,345,340,335,329,323,316,307,296,285,273,261,282,240,231,223,216,210,205,203,202,202,202
CHN,China,Lower,27919,27298,27105,27392,27934,28992,30536,32374,34190,35455,35653,34530,32402,29714,26959,24745,22864,21362,23709,18640,17176,15752,14525,13280,12143,11227,10364,9712,9037,8495,7922
CHN,China,Median,55161,51726,49366,47860,46966,46710,47487,48538,49516,49729,48413,45567,41657,37208,33038,29742,27250,25426,28471,22926,21745,20633,19622,18778,18055,17453,16947,16558,16253,15899,15640
CHN,China,Upper,83318,76853,72148,68867,66136,64889,64704,64991,65037,63830,60967,56156,50338,44314,38857,34679,31605,29492,33362,27504,27066,26883,26832,26671,26825,27176,27740,28376,29288,30305,31540
COL,Colombia,Lower,1687,1690,1686,1672,1652,1626,1594,1572,1556,1547,1539,1530,1521,1507,1490,1468,1439,1406,1368,1328,1291,1257,1226,1198,1172,1148,1122,1097,1067,1031,987
COL,Colombia,Median,1911,1863,1814,1767,1724,1686,1651,1627,1611,1599,1591,1583,1572,1559,1542,1518,1488,1453,1413,1373,1334,1299,1266,1238,1212,1187,1162,1136,1107,1076,1044
COL,Colombia,Upper,2148,2044,1946,1860,1795,1747,1708,1681,1664,1653,1644,1636,1623,1610,1593,1569,1538,1501,1460,1418,1377,1341,1307,1278,1253,1228,1203,1176,1148,1122,1103
COM,Comoros,Lower,0,0,0,0,0,0,0,0,0,0,0,0,0,0,0,0,0,0,0,0,0,0,0,0,0,0,0,0,0,0,0
COM,Comoros,Median,50,51,52,52,53,54,54,55,55,56,56,56,55,55,55,54,53,53,52,52,51,51,51,50,50,50,50,49,49,49,49
COM,Comoros,Upper,107,107,109,112,114,117,118,118,119,120,119,119,116,116,117,118,122,128,134,139,143,149,154,160,168,179,186,196,206,216,226
COG,Congo,Lower,0,0,0,0,0,0,0,20,47,72,90,103,112,115,116,112,99,86,66,47,30,4,0,0,0,0,0,0,0,0,0
COG,Congo,Median,581,572,564,553,542,531,518,508,497,489,479,469,460,452,446,441,437,432,430,427,423,420,414,411,410,410,411,412,414,658,418
COG,Congo,Upper,2037,1838,1662,1503,1369,1255,1153,1067,995,936,891,854,823,794,783,771,775,784,789,813,831,857,889,924,956,996,1034,1080,1144,1849,1258
COK,Cook Islands,Lower,1,1,1,1,1,1,1,1,1,1,1,1,1,1,1,1,1,0,0,0,0,0,0,0,0,0,0,0,0,0,0
COK,Cook Islands,Median,1,1,1,1,1,1,1,1,1,1,1,1,1,1,1,1,1,1,1,0,0,0,0,0,0,0,0,0,0,0,0
COK,Cook Islands,Upper,1,1,1,1,1,1,1,1,1,1,1,1,1,1,1,1,1,1,1,1,1,1,0,0,0,0,0,0,0,0,0
CRI,Costa Rica,Lower,88,91,94,96,98,100,102,103,104,105,104,103,102,100,98,96,94,92,89,87,84,81,78,75,72,70,67,66,64,62,61
CRI,Costa Rica,Median,98,100,102,104,106,107,109,110,111,112,111,111,109,107,105,103,100,98,96,93,90,87,84,81,78,76,74,72,71,70,69
CRI,Costa Rica,Upper,108,109,111,112,113,115,116,118,118,119,118,118,116,114,112,109,107,105,102,99,97,93,90,87,84,82,80,79,79,78,78
CIV,Cote d'Ivoire,Lower,1745,1837,1918,1987,2052,2115,2173,2213,2263,2321,2366,2397,2434,2452,2483,2551,2567,2597,2596,2536,2459,2354,2223,2053,1900,1710,1532,1410,1270,1102,994
CIV,Cote d'Ivoire,Median,3299,3432,3551,3663,3766,3857,3962,4068,4170,4273,4366,4469,4581,4708,4834,4974,5118,5292,5478,5662,5856,6041,6209,6365,6527,6662,6752,6816,6835,6844,6843
CIV,Cote d'Ivoire,Upper,5057,5202,5340,5466,5585,5711,5871,6014,6158,6313,6467,6615,6794,7015,7229,7495,7810,8180,8596,9040,9548,10165,10789,11483,12305,13138,13838,14377,14951,15536,16211
HRV,Croatia,Lower,78,91,73,69,66,66,57,53,49,45,42,39,36,34,31,30,29,28,28,27,27,25,24,22,21,20,19,18,18,18,17
HRV,Croatia,Median,93,108,84,79,75,76,65,60,56,52,48,45,41,38,36,34,33,32,32,32,31,30,28,26,25,24,23,23,23,23,23
HRV,Croatia,Upper,108,124,95,89,84,85,73,68,63,58,55,51,47,44,41,39,37,37,36,36,35,34,32,30,29,28,27,28,29,30,30
CUB,Cuba,Lower,304,286,275,268,263,259,257,256,253,249,241,226,209,190,173,160,153,148,146,144,142,139,136,133,129,126,123,119,114,109,101
CUB,Cuba,Median,327,305,292,284,280,276,275,274,272,268,259,243,225,205,188,175,167,162,159,157,154,151,148,144,141,138,134,130,126,123,120
CUB,Cuba,Upper,352,324,309,301,297,293,292,291,291,287,277,261,240,220,202,189,181,175,172,170,167,164,161,157,154,150,147,143,139,137,138
CYP,Cyprus,Lower,5,5,6,6,7,7,8,8,9,9,9,9,10,10,10,10,10,10,9,9,8,8,7,7,7,6,6,6,6,5,5
CYP,Cyprus,Median,8,8,9,9,10,10,11,11,11,12,12,12,13,13,13,13,13,12,12,11,11,10,10,10,9,9,9,9,9,9,9
CYP,Cyprus,Upper,12,12,12,12,13,13,14,14,14,14,15,15,16,16,16,16,16,16,15,14,14,13,13,12,12,12,12,12,12,12,13
CZE,Czechia,Lower,184,178,168,155,141,131,123,117,113,109,104,99,94,89,84,78,72,66,59,53,49,46,44,43,43,43,43,43,43,41,39
CZE,Czechia,Median,203,194,182,168,155,144,136,129,124,120,115,109,104,99,93,87,80,73,66,60,55,52,50,49,49,49,49,50,50,51,50
CZE,Czechia,Upper,222,210,198,185,172,160,150,142,137,132,126,121,115,110,104,97,89,82,74,67,61,57,55,54,54,54,55,56,58,60,62
PRK,Democratic People's Republic of Korea,Lower,917,982,1092,1235,1384,1498,1563,1570,1524,1439,1331,1216,1105,1016,953,919,907,898,882,857,820,778,733,693,654,617,582,548,517,486,461
PRK,Democratic People's Republic of Korea,Median,1172,1255,1397,1580,1771,1917,2000,2009,1950,1841,1702,1555,1413,1298,1218,1175,1159,1148,1128,1096,1048,995,936,886,835,789,744,700,661,621,589
PRK,Democratic People's Republic of Korea,Upper,1504,1611,1792,2028,2274,2461,2569,2580,2504,2363,2185,1996,1813,1665,1562,1506,1487,1472,1446,1405,1344,1275,1200,1135,1071,1011,954,897,847,796,755
COD,Democratic Republic of the Congo,Lower,703,1066,1397,1731,2152,2590,2955,3345,3765,4147,4522,4893,5256,5588,5842,6160,6462,6712,6699,6706,6769,6801,6789,6779,6586,6354,6190,6073,5753,5452,5093
COD,Democratic Republic of the Congo,Median,9567,9861,10205,10572,10948,11265,11505,11747,11997,12268,12559,12862,13230,13604,14028,14443,14857,15293,15755,16234,16747,17245,17788,18418,19070,19723,20276,20788,21224,21669,22039
COD,Democratic Republic of the Congo,Upper,20431,20417,20552,20663,20952,20908,20908,20892,20850,20914,21082,21339,21659,22188,22702,23260,23821,24430,25120,25971,27017,28164,29510,31059,32988,34771,36742,38539,40458,42246,44919
DNK,Denmark,Lower,52,51,48,46,43,42,40,40,39,39,39,38,38,37,36,35,34,32,30,28,26,25,24,22,21,20,18,17,16,15,14
DNK,Denmark,Median,64,60,56,52,49,46,45,44,44,43,43,43,42,41,41,40,38,36,35,33,31,29,28,26,25,24,23,22,21,21,20
DNK,Denmark,Upper,74,68,63,58,54,52,50,49,49,49,48,48,48,47,46,45,43,41,39,37,35,33,32,30,29,28,27,27,26,26,26
DJI,Djibouti,Lower,113,113,111,108,107,107,110,115,120,124,125,125,122,119,116,113,109,105,102,99,96,94,92,90,88,85,82,80,77,74,73
DJI,Djibouti,Median,146,146,143,140,138,138,142,148,154,159,162,161,158,153,149,145,140,135,131,127,123,121,118,116,113,110,106,103,99,96,93
DJI,Djibouti,Upper,188,187,184,180,177,177,182,190,198,205,207,206,203,197,191,187,180,174,169,163,158,155,152,148,145,141,136,131,127,123,120
DMA,Dominica,Lower,2,2,2,2,2,2,2,2,2,2,2,2,2,2,2,2,2,1,1,1,1,1,1,1,0,0,0,0,0,0,0
DMA,Dominica,Median,4,4,4,3,3,3,3,3,3,3,3,3,3,3,3,3,3,3,3,2,2,2,2,2,2,2,2,2,2,1,1
DMA,Dominica,Upper,7,6,6,5,4,4,4,4,4,3,4,4,4,4,4,4,4,4,4,4,4,4,3,3,3,3,3,3,3,3,3
DOM,Dominican Republic,Lower,280,276,268,261,256,255,251,252,254,256,257,256,257,255,254,248,239,230,216,202,188,174,160,147,134,123,114,105,99,93,87
DOM,Dominican Republic,Median,521,511,502,494,487,480,474,466,461,455,450,446,442,440,436,431,425,418,409,401,392,383,374,365,357,350,340,333,326,319,313
DOM,Dominican Republic,Upper,754,739,724,710,697,686,673,663,652,644,637,633,631,627,626,624,620,620,619,620,622,625,636,647,660,673,682,684,690,699,708
ECU,Ecuador,Lower,791,782,767,749,732,718,708,704,702,702,700,695,688,677,665,652,639,626,611,595,578,559,541,522,505,489,473,457,440,420,396
ECU,Ecuador,Median,844,822,801,780,761,746,736,731,729,728,726,721,713,703,690,677,664,650,635,619,601,582,563,545,527,511,495,479,462,445,428
ECU,Ecuador,Upper,897,861,834,811,791,775,764,758,756,755,752,748,740,729,716,703,689,675,660,644,625,606,586,567,550,534,518,501,485,471,460
EGY,Egypt,Lower,6162,5901,5653,5449,5295,5167,5067,4956,4828,4670,4479,4269,4073,3904,3792,3740,3769,3848,3945,4027,4069,4077,4040,3975,3899,3826,3755,3701,3656,3613,3566
EGY,Egypt,Median,6468,6154,5885,5667,5505,5374,5264,5147,5012,4848,4654,4437,4230,4054,3933,3885,3915,3997,4099,4184,4230,4236,4199,4132,4051,3976,3904,3857,3834,3849,3909
EGY,Egypt,Upper,6788,6414,6128,5904,5724,5588,5467,5346,5209,5036,4836,4608,4392,4210,4082,4035,4062,4148,4254,4338,4388,4396,4358,4291,4206,4132,4054,4012,4020,4099,4264
SLV,El Salvador,Lower,401,378,356,336,319,305,293,282,309,266,262,356,259,260,262,263,263,261,260,279,255,249,243,236,232,229,225,223,219,215,209
SLV,El Salvador,Median,427,400,375,354,336,321,309,298,328,282,277,377,273,275,276,278,277,276,275,297,270,264,257,251,246,242,239,237,237,236,235
SLV,El Salvador,Upper,454,421,395,372,353,338,325,314,348,297,292,399,288,289,291,293,293,292,290,315,285,279,272,265,260,256,253,252,254,258,263
GNQ,Equatorial Guinea,Lower,85,91,96,103,108,112,115,116,116,116,116,116,116,117,118,120,121,123,124,127,129,131,133,135,138,140,142,144,146,149,151
GNQ,Equatorial Guinea,Median,109,116,124,132,139,145,147,149,149,149,149,149,149,150,152,154,156,157,160,163,166,169,171,173,177,179,182,184,187,190,193
GNQ,Equatorial Guinea,Upper,142,151,161,171,180,187,191,192,192,193,193,193,193,194,196,199,201,203,206,210,214,217,220,223,228,231,235,238,241,245,249
ERI,Eritrea,Lower,184,212,235,251,264,273,272,267,257,245,232,212,186,166,148,129,109,90,73,58,49,41,35,33,33,33,31,30,29,28,29
ERI,Eritrea,Median,764,734,713,698,688,684,661,641,623,608,595,573,547,516,483,446,417,387,360,338,324,319,322,329,337,346,352,359,364,368,366
ERI,Eritrea,Upper,1411,1324,1248,1196,1162,1138,1094,1052,1026,1012,994,973,947,912,869,822,786,752,727,711,713,732,766,807,859,917,972,1022,1078,1137,1176
EST,Estonia,Lower,43,42,41,39,38,36,34,33,31,30,28,25,23,20,18,16,14,12,11,10,9,9,8,8,8,8,7,7,7,6,6
EST,Estonia,Median,52,50,48,46,44,42,40,39,37,35,33,30,27,24,21,19,17,15,13,12,11,11,10,10,10,10,10,9,9,9,9
EST,Estonia,Upper,62,59,55,52,50,48,46,44,43,40,38,35,32,28,25,22,20,18,16,14,13,12,12,12,12,12,12,12,12,12,12
SWZ,Eswatini,Lower,0,0,0,4,13,23,30,31,27,22,12,3,0,0,0,0,0,0,0,0,0,0,0,0,0,0,0,0,0,0,0
SWZ,Eswatini,Median,145,147,149,150,150,148,143,136,129,122,116,111,107,104,102,99,93,88,83,77,72,67,63,59,56,53,51,50,48,48,47
SWZ,Eswatini,Upper,394,381,364,349,329,307,276,252,234,223,217,214,216,222,232,243,249,259,270,288,309,328,349,368,386,401,415,434,455,474,489
ETH,Ethiopia,Lower,5324,6834,8372,9468,10345,11053,11627,11865,12354,12363,12401,12350,12112,11849,11740,11482,11259,10858,10177,9355,8379,7319,6315,5201,4135,2999,1955,974,382,0,0
ETH,Ethiopia,Median,28197,28115,28128,28271,28443,28386,27955,27356,26626,25928,25251,24427,23829,23213,22604,21998,21282,20488,19589,18624,17576,16462,15284,14172,13073,12031,11119,10382,9788,9331,9011
ETH,Ethiopia,Upper,53933,51174,49487,48442,47193,46118,44762,43298,41744,40660,39451,38222,37097,36306,35624,34439,32985,31618,29857,28410,27080,25834,24752,23860,22955,22181,21479,20853,20543,20464,20558
FJI,Fiji,Lower,43,45,48,51,54,56,57,58,58,58,57,55,53,50,47,44,43,42,40,39,37,36,36,35,34,34,37,35,35,35,34
FJI,Fiji,Median,85,85,86,86,85,84,81,79,75,72,69,65,61,57,54,51,49,48,46,45,44,43,42,41,41,42,46,44,45,46,47
FJI,Fiji,Upper,138,135,131,127,122,115,108,101,94,87,81,75,69,65,61,57,55,54,52,51,50,49,48,48,48,49,55,53,55,58,60
FIN,Finland,Lower,52,53,52,52,50,49,48,46,44,42,41,40,39,38,37,36,34,33,31,29,27,26,25,24,23,22,22,21,20,19,18
FIN,Finland,Median,62,61,60,59,57,55,53,51,49,47,46,45,44,43,42,41,39,37,35,33,31,30,29,28,27,26,26,25,25,25,24
FIN,Finland,Upper,73,70,68,66,63,61,59,57,55,53,51,50,49,48,47,46,44,42,40,37,35,34,32,32,31,30,30,30,30,30,30
FRA,France,Lower,724,700,682,670,656,638,616,593,567,542,517,491,465,439,413,389,369,355,344,336,329,323,317,312,309,305,298,290,280,269,255
FRA,France,Median,763,733,712,698,683,665,642,618,593,567,541,515,487,460,434,411,392,376,364,355,348,341,335,331,327,324,317,311,305,299,293
FRA,France,Upper,801,764,741,727,712,694,671,646,621,595,571,543,513,483,455,433,413,397,384,374,366,359,354,350,347,343,337,332,329,329,331
GAB,Gabon,Lower,0,9,21,34,47,59,70,83,93,103,110,116,119,115,112,104,94,82,70,60,54,48,47,44,42,39,37,36,35,35,34
GAB,Gabon,Median,184,191,199,207,215,223,230,239,246,255,262,269,278,286,295,305,310,313,315,316,317,315,311,310,309,308,310,312,316,318,322
GAB,Gabon,Upper,400,395,392,390,390,390,397,402,409,419,430,445,462,484,507,534,565,596,624,649,672,691,710,730,765,793,826,864,903,950,990
GMB,Gambia,Lower,194,197,200,202,205,208,212,217,222,227,232,235,237,239,240,240,239,237,234,231,228,225,224,222,220,219,218,218,218,219,219
GMB,Gambia,Median,249,253,257,259,262,266,272,278,285,291,297,301,304,306,307,307,305,303,299,295,291,288,286,284,282,279,279,278,279,279,280
GMB,Gambia,Upper,322,328,332,335,339,344,351,359,368,376,383,388,392,395,397,396,394,390,386,380,375,372,368,365,363,360,359,358,359,360,360
GEO,Georgia,Lower,122,129,109,103,97,91,84,79,76,74,73,70,69,68,68,69,68,66,65,63,61,59,58,56,54,53,52,51,51,50,48
GEO,Georgia,Median,139,145,122,115,108,101,94,88,84,82,81,78,77,76,76,77,75,74,72,70,68,66,64,62,60,59,58,58,58,58,58
GEO,Georgia,Upper,156,162,135,127,119,112,104,97,93,91,90,87,85,84,84,85,83,81,79,77,75,72,70,68,66,65,64,64,65,67,68
DEU,Germany,Lower,696,694,692,688,681,669,652,638,624,608,589,562,532,501,471,445,421,402,385,371,357,346,335,325,315,308,302,296,290,282,270
DEU,Germany,Median,737,730,723,717,710,701,687,672,656,638,616,589,558,525,494,467,444,424,407,392,378,367,356,345,335,327,321,315,310,305,300
DEU,Germany,Upper,780,768,759,750,741,731,718,703,686,667,645,618,586,552,519,490,466,445,428,413,398,387,375,364,354,346,340,335,331,330,330
GHA,Ghana,Lower,1870,1936,2002,2078,2145,2202,2295,2361,2416,2459,2499,2518,2525,2523,2519,2504,2492,2464,2442,2390,2354,2287,2212,2143,2062,1974,1873,1763,1695,1616,1519
GHA,Ghana,Median,3459,3477,3507,3544,3573,3607,3639,3669,3700,3730,3741,3737,3729,3718,3708,3701,3694,3692,3686,3678,3666,3651,3633,3608,3585,3566,3552,3542,3526,3514,3500
GHA,Ghana,Upper,5171,5128,5130,5152,5177,5203,5226,5238,5258,5245,5243,5180,5118,5041,4998,4962,4939,4948,4959,4989,5016,5031,5054,5097,5148,5236,5325,5432,5568,5728,5883
GRC,Greece,Lower,133,132,130,126,121,116,110,103,96,89,83,79,76,74,71,69,66,64,62,60,58,56,54,52,50,48,46,45,43,41,39
GRC,Greece,Median,150,147,143,138,133,126,119,112,104,96,90,86,83,80,78,76,73,71,68,66,64,62,60,58,56,54,53,52,51,50,48
GRC,Greece,Upper,167,161,156,151,146,138,130,122,113,104,98,93,89,87,85,82,80,77,75,72,70,68,66,64,62,60,59,59,59,58,57
GRD,Grenada,Lower,2,2,2,2,2,3,3,3,3,3,3,3,3,3,2,2,2,2,2,2,2,2,2,2,2,2,2,2,1,1,1
GRD,Grenada,Median,4,4,4,4,4,4,4,4,5,5,5,4,4,4,4,4,4,4,3,3,3,3,3,3,3,3,3,3,3,3,3
GRD,Grenada,Upper,6,6,6,6,6,6,6,6,6,6,6,6,6,5,5,5,5,5,5,5,5,5,4,4,4,4,5,5,5,6,6
GTM,Guatemala,Lower,1187,1152,1104,1054,1010,973,941,917,897,881,869,860,856,856,859,996,861,859,856,849,843,840,839,839,839,835,820,795,761,719,672
GTM,Guatemala,Median,1258,1212,1158,1104,1056,1016,981,955,935,917,904,895,891,891,894,1040,896,893,888,880,874,870,869,870,870,867,858,844,826,808,791
GTM,Guatemala,Upper,1330,1272,1211,1154,1103,1060,1021,994,972,953,939,929,925,926,929,1085,932,927,921,913,905,902,900,902,902,900,896,894,895,901,923
GIN,Guinea,Lower,1081,1112,1152,1183,1220,1244,1251,1267,1269,1277,1277,1279,1275,1266,1263,1249,1238,1232,1215,1215,1190,1144,1099,1052,990,926,845,771,709,638,584
GIN,Guinea,Median,2374,2362,2355,2355,2359,2365,2363,2364,2369,2377,2379,2373,2370,2368,2367,2365,2349,2344,2344,2345,2346,2339,2335,2328,2323,2320,2307,2296,2285,2276,2264
GIN,Guinea,Upper,3769,3678,3618,3565,3527,3497,3467,3457,3455,3459,3467,3460,3455,3447,3445,3464,3461,3469,3476,3515,3566,3608,3657,3750,3864,3975,4143,4322,4463,4646,4816
GNB,Guinea-Bissau,Lower,0,0,0,0,0,0,0,0,0,0,0,0,0,0,0,0,0,0,0,0,0,0,0,0,0,0,0,0,0,0,0
GNB,Guinea-Bissau,Median,342,341,340,340,336,331,320,372,296,279,261,250,246,245,245,245,244,242,240,239,238,235,235,235,235,234,235,235,236,236,237
GNB,Guinea-Bissau,Upper,2337,2106,1893,1716,1554,1386,1226,1243,934,805,719,666,620,591,571,554,539,526,515,507,504,505,509,521,538,562,588,612,639,667,703
GUY,Guyana,Lower,40,39,38,38,37,37,35,33,32,32,32,33,34,36,39,41,41,42,42,42,41,41,40,39,37,35,33,31,29,27,25
GUY,Guyana,Median,48,46,44,43,43,42,40,38,36,35,36,37,39,41,44,46,47,47,47,47,48,47,47,47,46,45,44,43,41,40,39
GUY,Guyana,Upper,56,53,50,49,48,47,45,42,41,40,40,41,43,46,49,51,52,53,53,53,54,54,54,55,56,57,57,57,57,58,59
HTI,Haiti,Lower,944,986,1029,1066,1090,1098,1092,1070,1043,1008,967,919,881,839,904,766,723,681,635,588,10736,490,439,388,325,280,237,203,171,140,120
HTI,Haiti,Median,1846,1876,1906,1938,1954,1953,1929,1892,1846,1796,1751,1703,1659,1619,1838,1542,1500,1464,1431,1395,22668,1329,1294,1262,1234,1202,1172,1142,1116,1094,1066
HTI,Haiti,Upper,2879,2907,2948,2982,2984,2961,2911,2834,2750,2666,2595,2528,2485,2446,2834,2378,2352,2329,2305,2303,36871,2290,2280,2283,2288,2293,2289,2298,2322,2338,2362
HND,Honduras,Lower,216,220,222,225,227,228,228,234,702,252,263,271,283,291,302,314,325,338,350,359,365,361,350,339,321,303,283,263,246,232,217
HND,Honduras,Median,478,475,472,469,467,464,461,459,1835,462,465,470,478,487,498,510,525,542,559,577,594,610,623,634,643,652,657,658,653,645,632
HND,Honduras,Upper,753,739,726,716,708,702,701,698,3043,694,694,694,697,700,709,719,735,755,778,799,823,854,890,937,987,1049,1121,1186,1253,1290,1321
HUN,Hungary,Lower,204,195,182,165,150,139,131,127,124,121,118,114,109,105,100,95,90,85,79,74,69,65,61,59,56,54,52,49,46,43,40
HUN,Hungary,Median,229,215,198,179,162,150,141,136,133,130,126,122,117,113,108,103,98,92,86,80,75,71,67,65,62,60,58,56,54,52,50
HUN,Hungary,Upper,253,234,214,193,174,161,151,146,142,139,135,131,127,122,117,111,106,100,94,87,82,77,74,71,68,66,64,63,62,60,59
ISL,Iceland,Lower,1,1,1,2,2,2,2,2,2,2,2,2,2,2,2,2,2,2,1,1,1,1,1,1,1,1,1,1,0,0,0
ISL,Iceland,Median,5,5,5,5,4,4,4,4,4,3,3,3,3,3,3,3,3,3,2,2,2,2,2,2,2,2,2,2,1,1,1
ISL,Iceland,Upper,11,10,9,8,7,7,6,6,5,5,5,4,4,4,4,4,4,4,3,3,3,3,3,3,3,3,3,3,3,3,3
IND,India,Lower,117486,118877,120061,121556,122239,122344,121674,120430,118879,117053,114885,112767,110330,107790,105129,102422,99772,96986,94040,90924,87767,84415,80771,76945,72677,68215,63651,59193,54747,51181,47057
IND,India,Median,140705,141003,141407,141836,141924,141560,140646,139336,137604,135470,133052,130257,127140,123904,120599,117170,113744,110312,106884,103406,99936,96403,93014,89578,86224,82901,79769,76727,73970,71373,68806
IND,India,Upper,164345,163528,163212,162740,162386,161623,160682,159145,157185,154750,152047,148613,144952,140970,137106,133019,128952,124906,120614,116405,112383,108607,105354,102635,100155,98070,96353,94924,93753,93696,94283
IDN,Indonesia,Lower,13284,13207,13153,13015,12848,12616,12313,11996,11604,11235,10818,10433,10059,9720,17044,9076,8637,8214,7928,7642,7388,7101,6836,6443,6001,5632,5178,4741,4313,3976,3694
IDN,Indonesia,Median,20567,20300,20026,19730,19395,19007,18530,17997,17440,16882,16346,15942,15612,15307,27268,14761,14290,13905,13571,13340,13169,12964,12725,12466,12193,11896,11550,11215,10855,10554,10322
IDN,Indonesia,Upper,28435,27944,27423,26889,26434,25976,25295,24654,23900,23194,22551,22035,21635,21332,38036,20701,20148,19793,19584,19406,19377,19270,19248,19241,19363,19586,19814,20051,20091,20045,20317
IRN,Iran (Islamic Republic of),Lower,5842,3263,3294,3354,3417,3479,3534,3588,3636,3690,3709,3684,3654,5906,3553,3509,3450,3376,3270,3134,2979,2803,2638,2485,2352,2238,2142,2051,1961,1857,1741
IRN,Iran (Islamic Republic of),Median,9964,5518,5485,5445,5397,5331,5259,5166,5068,4953,4813,4620,4409,6877,3993,3823,3673,3544,3413,3267,3107,2926,2750,2588,2448,2331,2247,2184,2140,2110,2087
IRN,Iran (Islamic Republic of),Upper,15009,8246,8104,7967,7780,7559,7308,7026,6722,6378,6016,5606,5198,7885,4445,4143,3902,3714,3558,3400,3237,3049,2862,2693,2542,2423,2351,2323,2332,2381,2477
IRQ,Iraq,Lower,123,196,254,332,410,473,529,597,645,699,754,802,841,890,930,970,1004,1027,1015,973,917,820,722,630,547,477,410,364,340,302,259
IRQ,Iraq,Median,2065,2039,2013,1993,1976,1968,1963,1963,1973,1979,1998,2023,2054,2090,2124,2163,2201,2253,2312,2383,2465,2527,2594,2639,2669,2682,2690,2693,2676,2661,2665
IRQ,Iraq,Upper,4135,3981,3850,3709,3608,3528,3457,3408,3382,3364,3339,3316,3312,3327,3354,3385,3456,3569,3717,3929,4211,4575,4959,5441,5909,6363,6652,6958,7197,7484,7732
IRL,Ireland,Lower,62,62,61,59,58,56,53,50,47,44,42,39,36,34,33,31,30,29,28,27,26,25,24,23,22,21,21,20,19,18,17
IRL,Ireland,Median,74,71,69,68,66,63,60,56,53,50,47,44,41,39,37,36,34,33,32,31,30,29,28,27,26,26,25,25,25,24,24
IRL,Ireland,Upper,85,81,78,76,73,70,67,63,60,56,53,50,47,44,42,40,39,37,36,35,34,33,32,31,30,30,30,30,31,31,31
ISR,Israel,Lower,71,72,73,74,75,75,75,74,74,73,72,71,70,69,68,68,67,67,67,67,66,66,65,64,63,62,60,59,57,54,51
ISR,Israel,Median,83,82,82,83,83,83,82,82,81,79,78,77,76,75,74,74,73,73,73,73,72,72,71,70,69,68,68,67,66,66,65
ISR,Israel,Upper,94,92,91,91,91,91,90,89,88,87,85,84,83,82,81,80,80,80,80,80,79,78,78,77,76,75,75,75,75,76,77
ITA,Italy,Lower,651,649,643,628,605,572,535,493,453,420,391,371,354,339,325,311,302,293,284,276,267,259,251,244,240,237,234,228,218,199,172
ITA,Italy,Median,692,687,678,662,637,603,563,520,479,444,416,393,375,360,345,332,321,312,303,294,285,277,269,262,258,255,251,246,238,227,216
ITA,Italy,Upper,732,722,713,698,671,637,592,546,506,470,441,417,398,382,366,352,341,331,323,314,305,295,287,281,276,273,271,267,260,256,256
JAM,Jamaica,Lower,99,97,96,96,95,94,92,90,89,87,86,85,84,84,83,83,82,82,81,79,77,75,71,68,65,62,60,57,55,54,52
JAM,Jamaica,Median,126,124,123,122,122,120,118,115,113,112,110,109,108,107,106,106,105,104,103,102,99,95,91,87,83,80,76,73,71,68,67
JAM,Jamaica,Upper,161,158,157,156,155,153,150,147,144,142,140,139,137,136,135,134,134,133,132,129,126,121,116,111,106,101,97,93,90,87,85
JPN,Japan,Lower,1193,1154,1112,1067,1021,1170,926,879,833,786,740,698,660,626,597,571,552,535,522,513,503,975,485,474,463,453,444,435,425,410,394
JPN,Japan,Median,1263,1210,1163,1119,1072,1226,969,918,868,818,771,728,689,654,623,598,578,561,549,539,529,1031,510,498,487,476,467,459,452,446,438
JPN,Japan,Upper,1333,1267,1218,1175,1124,1286,1015,960,906,852,803,758,717,682,650,624,603,586,574,564,555,1091,537,525,511,500,491,484,481,482,487
JOR,Jordan,Lower,89,96,103,109,113,117,117,117,115,113,110,108,105,100,96,91,86,80,74,65,56,46,35,22,11,7,2,0,0,0,0
JOR,Jordan,Median,205,209,215,220,224,224,224,221,218,214,212,210,209,209,209,211,212,215,220,224,230,238,246,253,260,265,266,267,265,262,255
JOR,Jordan,Upper,328,331,335,340,342,341,338,333,328,322,320,319,321,324,328,336,349,363,379,398,423,457,487,521,552,576,597,615,632,649,665
KAZ,Kazakhstan,Lower,810,824,827,821,810,797,787,778,767,755,740,720,697,672,644,615,587,552,509,466,428,395,372,355,345,343,351,364,379,390,393
KAZ,Kazakhstan,Median,852,861,863,856,844,830,820,809,799,788,772,752,728,702,673,643,614,576,531,486,446,413,388,371,361,358,367,381,398,413,423
KAZ,Kazakhstan,Upper,895,899,898,890,878,863,853,842,832,821,805,784,760,732,703,670,639,600,554,507,465,430,404,387,376,374,383,398,416,435,453
KEN,Kenya,Lower,1626,1835,1994,2042,2099,2152,2215,2297,2406,2486,2586,2656,2655,2569,2440,2253,2056,1903,1837,1854,1875,1839,1738,1560,1304,1045,853,698,539,423,335
KEN,Kenya,Median,3543,3804,4072,4336,4581,4797,5002,5160,5275,5353,5365,5300,5203,5084,4973,4912,4916,4966,5056,5168,5306,5451,5601,5784,5942,6072,6176,6228,6261,6273,6264
KEN,Kenya,Upper,5664,6140,6704,7247,7764,8145,8477,8727,8835,8780,8645,8444,8147,7866,7773,7745,7846,8075,8382,8738,9151,9619,10243,11004,11825,12889,13800,14786,15591,16360,17095
KIR,Kiribati,Lower,7,8,8,8,8,8,8,8,8,8,8,8,8,8,8,8,8,9,9,9,9,9,8,8,7,7,7,7,8,8,8
KIR,Kiribati,Median,10,10,10,10,10,10,10,10,10,10,10,10,10,10,10,10,11,11,11,12,11,11,11,10,10,9,9,10,10,10,10
KIR,Kiribati,Upper,12,12,12,12,13,13,13,13,13,13,13,13,13,13,13,13,14,14,15,15,15,14,14,13,12,12,12,12,13,13,13
KWT,Kuwait,Lower,76,64,58,52,45,40,39,39,38,39,39,40,40,40,40,40,41,41,42,43,42,42,41,40,40,40,42,43,45,45,45
KWT,Kuwait,Median,91,74,66,58,52,47,47,47,47,47,47,46,45,44,44,45,46,46,47,47,47,47,47,47,47,47,48,50,53,55,57
KWT,Kuwait,Upper,108,86,76,66,58,53,52,53,53,53,52,51,50,50,50,52,53,54,54,54,53,52,52,52,52,53,54,57,61,68,74
KGZ,Kyrgyzstan,Lower,220,225,229,233,238,243,248,252,254,253,247,240,231,220,211,201,193,186,179,173,168,163,160,158,159,161,163,166,169,171,173
KGZ,Kyrgyzstan,Median,239,241,244,248,253,258,263,267,270,268,263,255,246,235,225,215,207,199,191,185,179,174,171,169,169,171,173,177,182,189,196
KGZ,Kyrgyzstan,Upper,258,257,260,264,269,274,279,283,286,284,279,271,261,250,240,229,220,212,204,197,191,185,181,179,179,181,184,189,197,207,221
LAO,Lao People's Democratic Republic,Lower,0,0,0,7,99,190,264,330,385,437,493,539,572,600,610,612,601,585,557,527,494,448,407,371,334,297,266,237,217,196,179
LAO,Lao People's Democratic Republic,Median,1165,1163,1161,1164,1167,1176,1186,1199,1213,1228,1233,1239,1241,1239,1229,1209,1171,1125,1079,1033,992,945,902,864,832,805,784,766,753,739,724
LAO,Lao People's Democratic Republic,Upper,3358,3073,2826,2617,2454,2330,2224,2146,2086,2029,1984,1954,1917,1888,1847,1803,1741,1686,1629,1579,1532,1480,1440,1407,1389,1374,1372,1369,1372,1384,1389
LVA,Latvia,Lower,79,77,75,73,71,68,65,62,59,56,53,49,45,40,35,31,27,24,20,18,16,15,14,13,13,12,12,11,10,9,8
LVA,Latvia,Median,92,88,85,82,80,77,74,72,69,66,62,57,52,47,42,37,33,28,25,21,19,18,17,16,16,16,15,15,14,14,13
LVA,Latvia,Upper,105,99,95,92,88,85,83,80,77,74,69,65,60,54,49,44,39,35,30,26,23,21,20,19,19,19,19,19,18,18,18
LBN,Lebanon,Lower,190,183,176,169,161,153,147,141,134,130,126,127,129,131,131,127,118,109,100,93,88,86,86,87,88,88,85,82,78,74,70
LBN,Lebanon,Median,244,235,226,217,208,197,189,181,173,167,162,163,166,169,168,163,152,140,128,119,113,111,111,112,113,113,109,105,100,95,90
LBN,Lebanon,Upper,312,300,289,277,265,252,241,231,221,213,207,208,212,215,214,208,194,178,164,152,144,141,141,143,144,144,140,134,127,121,115
LSO,Lesotho,Lower,192,198,202,206,211,216,219,221,224,223,219,213,205,194,185,175,165,155,145,136,129,121,116,111,104,96,86,77,69,62,57
LSO,Lesotho,Median,374,375,376,377,378,376,373,370,365,357,348,335,321,306,291,277,264,252,241,232,223,217,213,209,207,202,196,189,182,176,170
LSO,Lesotho,Upper,600,595,590,584,576,563,553,536,520,503,486,467,445,425,406,388,370,356,343,333,324,319,317,318,319,320,316,314,310,309,310
LBR,Liberia,Lower,220,230,232,241,251,262,276,300,334,365,394,411,423,457,421,416,413,404,394,391,388,388,392,403,455,463,385,356,319,284,255
LBR,Liberia,Median,630,626,621,622,630,645,674,712,749,778,793,789,777,841,747,743,749,764,787,809,830,851,873,896,1055,1108,968,990,1011,1025,1034
LBR,Liberia,Upper,1262,1279,1286,1279,1288,1309,1347,1375,1401,1386,1339,1278,1212,1292,1114,1093,1104,1134,1177,1227,1277,1324,1380,1439,1739,1873,1698,1816,1972,2123,2248
LBY,Libya,Lower,0,0,0,0,0,0,0,0,0,0,0,0,0,0,0,0,0,0,0,0,0,0,0,0,0,0,0,0,0,0,0
LBY,Libya,Median,354,336,319,301,286,272,261,250,240,231,222,212,201,191,180,171,163,155,147,141,135,195,124,119,116,114,113,112,111,110,110
LBY,Libya,Upper,815,782,736,692,656,620,598,581,568,560,556,547,543,540,537,549,560,574,586,593,596,886,606,620,632,643,655,677,696,726,749
LTU,Lithuania,Lower,92,92,90,89,86,84,81,79,77,74,72,68,65,61,57,54,50,46,42,38,34,31,28,26,24,22,20,18,16,15,14
LTU,Lithuania,Median,106,104,101,98,96,93,90,88,85,83,80,76,72,68,65,61,56,52,47,43,39,35,32,30,27,25,23,22,20,19,18
LTU,Lithuania,Upper,121,115,111,108,105,102,99,97,94,92,89,85,81,76,72,68,63,59,53,48,44,40,36,34,31,29,27,25,24,23,22
LUX,Luxembourg,Lower,3,3,3,3,3,3,3,3,3,3,2,2,2,2,2,2,2,2,2,1,1,1,1,1,1,1,1,1,1,1,0
LUX,Luxembourg,Median,6,5,5,5,4,4,4,4,4,3,3,3,3,3,3,3,3,2,2,2,2,2,2,2,2,2,2,2,2,1,1
LUX,Luxembourg,Upper,9,8,7,6,6,5,5,5,5,4,4,4,4,4,4,3,3,3,3,3,3,3,3,3,3,3,3,3,3,3,3
MDG,Madagascar,Lower,2327,2362,2392,2389,2392,2408,2420,2433,2448,2460,2473,2460,2465,2443,2421,2408,2368,2369,2332,2291,2272,2214,2136,2015,1926,1794,1648,1509,1373,1249,1126
MDG,Madagascar,Median,4006,3991,3983,3977,3975,3984,3994,4021,4050,4090,4141,4191,4245,4306,4369,4428,4499,4572,4643,4703,4756,4796,4820,4842,4858,4880,4899,4915,4923,4918,4909
MDG,Madagascar,Upper,5812,5710,5637,5573,5565,5574,5590,5654,5721,5802,5894,5980,6082,6215,6361,6525,6691,6861,7016,7225,7437,7643,7837,8066,8320,8637,9073,9623,10174,10706,11158
MWI,Malawi,Lower,1628,1628,1618,1588,1561,1546,1567,1602,1644,1680,1680,1662,1633,1603,1576,1565,1561,1556,1546,1532,1512,1481,1439,1386,1339,1274,1223,1164,1079,1009,955
MWI,Malawi,Median,2824,2778,2702,2614,2544,2497,2502,2528,2569,2605,2620,2615,2597,2573,2552,2538,2520,2510,2506,2501,2496,2486,2485,2484,2483,2488,2498,2512,2522,2523,2508
MWI,Malawi,Upper,4022,3927,3796,3659,3549,3471,3467,3487,3531,3582,3597,3585,3550,3514,3490,3476,3463,3452,3452,3471,3502,3529,3571,3625,3687,3760,3870,3985,4119,4264,4374
MYS,Malaysia,Lower,946,947,941,931,918,908,899,889,877,864,852,845,835,825,811,799,804,808,809,805,795,782,769,757,746,736,726,710,690,664,634
MYS,Malaysia,Median,1025,1004,985,968,954,942,934,924,912,898,884,876,866,853,840,827,833,837,838,834,824,812,799,786,775,765,755,745,734,722,711
MYS,Malaysia,Upper,1108,1063,1029,1005,988,976,968,959,947,933,918,908,897,882,868,855,861,866,867,863,854,842,829,817,806,795,786,780,780,785,800
MDV,Maldives,Lower,14,15,15,16,16,16,16,16,16,15,15,15,14,14,21,12,11,11,10,9,8,7,6,6,5,5,5,4,4,4,4
MDV,Maldives,Median,19,19,20,20,20,20,20,20,20,19,19,18,18,17,27,15,14,13,12,11,10,9,8,8,7,7,6,6,6,6,6
MDV,Maldives,Upper,25,24,24,24,24,24,24,24,24,23,23,22,22,21,33,19,18,16,15,13,12,11,10,10,9,8,8,8,8,9,9
MLI,Mali,Lower,1359,1415,1478,1523,1567,1614,1639,1662,1700,1726,1743,1759,1775,1785,1793,1799,1809,1811,1813,1831,1839,1823,1819,1814,1773,1739,1675,1599,1524,1475,1424
MLI,Mali,Median,2667,2692,2729,2776,2827,2872,2897,2925,2955,2995,3039,3080,3129,3188,3253,3326,3394,3464,3541,3629,3723,3822,3934,4059,4192,4331,4455,4592,4717,4826,4897
MLI,Mali,Upper,4100,4104,4116,4153,4183,4217,4227,4244,4273,4324,4377,4420,4495,4614,4736,4866,4989,5125,5281,5468,5656,5868,6105,6405,6712,7044,7405,7795,8171,8522,8891
MLT,Malta,Lower,1,2,2,2,2,2,2,2,3,3,3,3,3,3,3,3,2,2,2,2,2,2,2,2,1,1,1,1,1,1,1
MLT,Malta,Median,4,4,4,4,4,4,4,4,4,4,4,4,4,4,4,4,4,3,3,3,3,3,3,3,2,2,2,2,2,2,2
MLT,Malta,Upper,8,7,7,7,6,6,6,6,6,5,5,5,5,5,5,5,5,4,4,4,4,4,4,4,4,3,3,4,4,4,4
MHL,Marshall Islands,Lower,4,4,4,4,4,4,4,4,4,4,4,4,4,3,3,3,3,3,3,3,3,3,4,4,4,4,4,4,3,3,3
MHL,Marshall Islands,Median,5,5,5,5,5,5,5,5,5,6,5,5,5,4,4,4,4,4,4,4,4,4,5,5,5,5,5,5,4,4,4
MHL,Marshall Islands,Upper,6,6,6,6,7,7,7,7,7,7,7,7,6,6,5,5,5,5,5,5,6,6,6,6,6,6,6,6,6,6,5
MRT,Mauritania,Lower,39,25,10,0,0,0,0,0,0,0,0,0,0,0,0,0,0,0,0,0,0,0,0,0,0,0,0,0,0,0,0
MRT,Mauritania,Median,289,279,270,262,255,248,241,234,228,223,219,214,211,208,206,204,201,200,198,198,196,196,196,195,195,194,194,195,196,196,198
MRT,Mauritania,Upper,544,550,550,555,567,580,596,614,638,676,701,717,736,758,781,809,844,879,922,958,1015,1056,1112,1168,1206,1264,1315,1379,1430,1497,1556
MUS,Mauritius,Lower,33,33,32,32,31,30,29,28,28,27,26,26,26,26,26,26,25,24,23,21,20,19,19,18,17,17,16,15,14,13,12
MUS,Mauritius,Median,40,39,38,37,36,35,33,32,31,30,30,30,30,30,30,29,28,27,26,25,24,23,22,22,21,21,20,19,18,17,16
MUS,Mauritius,Upper,48,45,43,42,40,39,37,36,35,34,33,33,33,33,33,33,32,31,29,28,27,26,26,25,25,24,24,23,22,21,20
MEX,Mexico,Lower,5096,4759,4470,4243,4080,3977,3884,3812,3753,3694,3641,3577,3530,3505,3500,3507,3513,3513,3497,3468,3430,3385,3340,3298,3260,3225,3190,3155,3116,3064,2988
MEX,Mexico,Median,5338,4956,4644,4402,4230,4121,4026,3952,3886,3824,3764,3697,3649,3623,3618,3623,3630,3629,3614,3584,3543,3497,3450,3407,3369,3334,3298,3260,3222,3186,3155
MEX,Mexico,Upper,5589,5152,4814,4563,4386,4266,4168,4086,4018,3958,3895,3826,3772,3744,3740,3744,3752,3750,3731,3700,3655,3609,3562,3518,3480,3443,3407,3369,3333,3315,3324
FSM,Micronesia (Federated States of),Lower,8,8,8,8,8,8,8,8,8,7,7,7,10,7,7,7,6,6,6,6,6,6,5,5,5,5,5,5,5,4,4
FSM,Micronesia (Federated States of),Median,10,10,10,11,11,11,11,10,10,10,9,9,13,9,8,8,8,8,8,8,7,7,7,7,6,6,6,6,6,6,6
FSM,Micronesia (Federated States of),Upper,12,13,13,13,14,14,14,13,13,12,12,11,17,11,11,11,11,10,10,10,9,9,9,9,8,8,8,8,7,7,7
MCO,Monaco,Lower,0,0,0,0,0,0,0,0,0,0,0,0,0,0,0,0,0,0,0,0,0,0,0,0,0,0,0,0,0,0,0
MCO,Monaco,Median,0,0,0,0,0,0,0,0,0,0,0,0,0,0,0,0,0,0,0,0,0,0,0,0,0,0,0,0,0,0,0
MCO,Monaco,Upper,0,0,0,0,0,0,0,0,0,0,0,0,0,0,0,0,0,0,0,0,0,0,0,0,0,0,0,0,0,0,0
MNG,Mongolia,Lower,212,221,226,228,227,224,219,213,205,196,184,169,154,140,128,118,110,105,100,96,93,91,89,87,86,86,87,88,90,90,90
MNG,Mongolia,Median,248,248,248,247,244,240,235,229,221,211,199,183,167,152,139,129,120,114,109,105,102,99,96,94,93,94,95,97,100,103,106
MNG,Mongolia,Upper,285,276,270,265,261,257,251,245,237,227,214,198,181,165,151,139,131,124,118,113,110,106,104,102,101,101,103,106,110,116,122
MNE,Montenegro,Lower,8,8,8,8,8,8,8,8,8,7,7,7,6,6,6,6,5,5,5,5,4,4,4,4,3,3,3,3,2,2,2
MNE,Montenegro,Median,12,12,12,11,11,11,11,10,10,10,9,9,8,8,8,7,7,7,7,6,6,6,6,5,5,5,5,5,4,4,4
MNE,Montenegro,Upper,16,16,15,15,14,14,13,13,12,12,11,11,11,10,10,9,9,9,8,8,8,8,7,7,7,7,7,7,7,7,7
MAR,Morocco,Lower,1532,1491,1443,1382,1327,1266,1179,1090,1004,913,837,766,697,633,578,518,463,405,348,297,249,217,184,155,131,116,97,86,75,65,59
MAR,Morocco,Median,2451,2388,2329,2272,2206,2128,2024,1918,1809,1704,1609,1521,1443,1373,1308,1239,1162,1085,1013,945,890,845,809,784,759,738,717,699,687,675,669
MAR,Morocco,Upper,3415,3335,3271,3204,3117,3026,2908,2776,2642,2525,2418,2313,2222,2153,2079,1993,1901,1814,1728,1656,1598,1556,1525,1515,1520,1530,1558,1584,1620,1679,1715
MOZ,Mozambique,Lower,564,1112,1637,2085,2428,2641,2801,2921,2988,3061,3054,3041,3027,2943,2840,2657,2482,2306,2127,1908,1666,1446,1307,1176,1089,988,921,838,753,708,655
MOZ,Mozambique,Median,8116,7810,7592,7419,7219,7048,6909,6720,6530,6347,6189,6053,5931,5830,5740,5661,5583,5515,5463,5418,5386,5363,5361,5388,5415,5419,5398,5394,5385,5368,5331
MOZ,Mozambique,Upper,16958,15360,14128,13170,12421,11747,11208,10697,10243,9867,9510,9222,9045,8964,8904,8905,8901,8964,9078,9275,9497,9743,10127,10538,10914,11239,11687,12175,12652,13208,13856
MMR,Myanmar,Lower,0,0,0,0,0,0,0,0,0,0,0,0,0,0,0,0,0,0,0,517,699,829,920,851,503,119,0,0,0,0,0
MMR,Myanmar,Median,6856,6932,6998,7035,7037,6993,6848,6714,6554,6357,6168,5944,5711,5487,5266,5073,4826,4599,15266,4124,3882,3647,3404,3146,2929,2748,2583,2436,2294,2167,2065
MMR,Myanmar,Upper,21755,21661,22840,24525,26152,28373,29515,30144,29706,28874,27388,25134,22411,19711,17173,14812,12873,11382,37385,8965,7910,7019,6333,6049,5992,5908,5843,5764,5666,5606,5509
NAM,Namibia,Lower,73,79,83,89,93,100,109,120,132,146,159,170,179,188,195,201,205,205,205,206,205,201,196,187,182,173,165,158,153,148,144
NAM,Namibia,Median,212,217,221,226,231,237,245,254,263,272,281,290,299,307,315,321,327,332,337,341,343,344,345,345,347,353,359,369,378,387,392
NAM,Namibia,Upper,358,356,356,356,357,361,367,375,382,390,399,409,419,432,444,453,464,469,474,480,486,494,501,510,525,548,580,619,659,696,733
NRU,Nauru,Lower,1,1,1,1,1,1,1,1,1,1,1,1,1,1,1,1,1,1,1,1,1,1,1,0,0,0,0,0,0,0,0
NRU,Nauru,Median,1,1,1,1,1,1,1,1,1,1,1,1,1,1,1,1,1,1,1,1,1,1,1,1,1,1,1,1,1,1,1
NRU,Nauru,Upper,1,1,1,1,1,1,1,1,1,1,1,1,1,1,1,1,1,1,1,1,1,1,1,1,1,1,1,1,1,1,1
NPL,Nepal,Lower,1577,1618,1622,1641,1655,1672,1709,1720,1713,1676,1622,1493,1355,1249,1136,1070,1015,1019,1056,1095,1108,1068,976,861,759,1110,584,506,438,381,328
NPL,Nepal,Median,3843,3790,3736,3669,3587,3492,3375,3256,3130,3010,2889,2752,2638,2541,2460,2384,2295,2223,2162,2103,2040,1974,1890,1792,1700,2485,1528,1454,1391,1331,1280
NPL,Nepal,Upper,6320,6216,6171,6114,6031,5852,5571,5244,4885,4515,4226,3974,3781,3662,3571,3493,3373,3284,3196,3108,3020,2957,2928,2987,3106,4826,3283,3352,3407,3464,3507
NLD,Netherlands,Lower,165,159,155,151,148,145,143,141,139,136,134,131,128,124,121,116,112,107,102,98,94,92,90,88,86,83,79,75,71,67,63
NLD,Netherlands,Median,180,172,166,162,158,154,152,149,147,145,142,139,136,132,128,124,120,115,111,107,103,100,98,96,93,90,87,83,79,76,72
NLD,Netherlands,Upper,195,186,178,172,168,164,161,158,156,154,152,149,146,141,137,132,127,123,118,114,110,108,105,103,101,98,95,92,89,86,84
NZL,New Zealand,Lower,61,60,59,58,57,56,56,55,55,54,54,53,52,51,50,49,47,45,43,41,38,44,35,34,32,31,29,28,27,25,24
NZL,New Zealand,Median,71,68,66,65,63,62,62,61,61,60,59,58,58,57,56,54,52,50,48,46,44,50,41,39,38,37,36,36,35,35,35
NZL,New Zealand,Upper,81,77,73,71,69,68,68,67,67,66,65,64,63,63,62,60,58,56,53,51,49,57,46,45,44,44,44,45,46,47,48
NIC,Nicaragua,Lower,53,76,102,125,147,169,189,205,351,218,218,211,200,188,169,150,133,116,104,94,85,77,72,68,63,60,57,55,54,52,50
NIC,Nicaragua,Median,302,313,323,334,344,353,360,365,707,373,378,382,384,387,389,389,385,379,371,362,354,344,335,326,318,311,304,298,292,286,281
NIC,Nicaragua,Upper,578,566,556,550,544,537,534,532,1078,539,548,561,578,600,624,648,665,679,685,690,690,693,698,707,716,733,741,752,771,789,798
NER,Niger,Lower,1236,1401,1546,1720,1892,2043,2176,2297,2467,2607,2718,2765,2778,2818,2815,2806,2792,2748,2733,2664,2579,2396,2233,2079,1956,1855,1744,1704,1566,1489,1451
NER,Niger,Median,3841,3953,4086,4221,4364,4496,4569,4656,4768,4917,5077,5177,5300,5451,5619,5805,5989,6180,6370,6586,6791,6982,7178,7384,7572,7763,7938,8041,8176,8309,8454
NER,Niger,Upper,6519,6579,6670,6831,7004,7116,7109,7135,7184,7328,7553,7698,7885,8138,8464,8831,9238,9675,10153,10694,11317,11957,12678,13397,14155,14895,15650,16681,17805,19150,20531
NGA,Nigeria,Lower,17461,17740,17816,18177,18412,18515,18515,18544,18557,18614,18578,18764,18760,18595,18505,18297,18056,17730,17465,17008,16609,16248,15719,15282,14666,13916,12961,12099,10941,9984,9008
NGA,Nigeria,Median,33928,33819,33789,33689,33602,33423,33166,32908,32638,32397,32237,32035,31907,31863,31876,31893,31960,32138,32321,32566,32817,33090,33337,33636,33953,34204,34329,34423,34492,34568,34603
NGA,Nigeria,Upper,49627,49390,49183,49063,48826,48602,48203,47600,47119,46862,46450,45967,45854,45876,45896,46119,46566,47105,48079,48897,49874,51222,52520,53885,55300,56977,58981,60963,63024,65005,67354
NIU,Niue,Lower,0,0,0,0,0,0,0,0,0,0,0,0,0,0,0,0,0,0,0,0,0,0,0,0,0,0,0,0,0,0,0
NIU,Niue,Median,0,0,0,0,0,0,0,0,0,0,0,0,0,0,0,0,0,0,0,0,0,0,0,0,0,0,0,0,0,0,0
NIU,Niue,Upper,0,0,0,0,0,0,0,0,0,0,0,0,0,0,0,0,0,0,0,0,0,0,0,0,0,0,0,0,0,0,0
MKD,North Macedonia,Lower,43,43,43,43,43,42,40,39,38,36,34,33,31,29,27,26,24,22,21,20,19,18,17,17,16,16,16,15,15,14,13
MKD,North Macedonia,Median,52,52,51,50,49,48,46,45,43,41,39,38,36,34,32,30,28,26,25,23,22,21,21,20,20,20,19,19,19,18,18
MKD,North Macedonia,Upper,62,60,58,57,56,54,53,51,49,47,45,43,41,39,37,35,33,31,29,27,26,25,24,24,23,23,23,23,23,23,24
NOR,Norway,Lower,41,40,39,38,37,36,36,36,35,35,35,34,34,34,33,32,31,31,29,28,27,26,25,24,23,23,22,22,21,20,20
NOR,Norway,Median,49,46,45,43,42,41,40,40,40,39,39,39,38,38,37,36,36,35,34,32,31,30,29,28,27,27,26,26,26,25,25
NOR,Norway,Upper,57,54,51,49,47,46,45,44,44,43,43,43,42,42,41,40,39,38,37,36,35,34,33,32,31,30,30,30,30,30,31
OMN,Oman,Lower,143,136,130,124,118,111,104,97,90,83,78,74,72,70,68,66,62,63,54,52,51,49,47,47,47,49,50,51,54,58,62
OMN,Oman,Median,183,174,167,159,151,142,134,124,115,106,100,95,92,89,87,85,79,81,69,67,66,63,61,60,61,62,64,66,69,74,79
OMN,Oman,Upper,233,222,212,203,192,181,170,158,146,135,127,121,117,114,111,108,100,103,88,85,84,80,77,76,77,79,81,84,88,94,100
PAK,Pakistan,Lower,12041,12758,13102,13262,13491,13754,14056,14212,14228,13996,13616,13171,12584,12243,12307,18265,12738,12761,12544,12241,11804,11210,10653,10000,9292,8401,7579,6794,6122,5547,5031
PAK,Pakistan,Median,14368,14823,15301,15738,16134,16474,16711,16897,17075,17226,17314,17350,17385,17420,17500,25257,17798,17967,18082,18177,18237,18201,18133,18051,17966,17854,17725,17582,17479,17362,17224
PAK,Pakistan,Upper,16503,17196,18372,19808,20543,20635,20454,20325,20340,20418,20590,20801,21054,21397,21691,31352,22563,23392,24445,25560,26726,27820,28904,30191,31468,33253,35152,36776,38193,38936,40156
PLW,Palau,Lower,1,1,1,1,1,1,1,1,1,1,1,1,1,1,1,1,1,1,1,0,0,0,0,0,0,0,0,0,0,0,0
PLW,Palau,Median,1,1,1,1,1,1,1,1,1,1,1,1,1,1,1,1,1,1,1,1,1,0,0,0,0,0,0,0,0,0,0
PLW,Palau,Upper,1,1,1,1,1,1,1,1,1,1,1,1,1,1,1,1,1,1,1,1,1,1,1,1,1,1,1,1,1,1,1
PAN,Panama,Lower,110,113,114,114,114,114,114,114,114,113,113,112,112,111,111,112,113,115,117,118,120,121,121,120,119,118,117,116,114,112,108
PAN,Panama,Median,127,127,126,126,125,125,124,124,123,123,122,122,121,120,120,121,122,124,125,127,129,130,130,130,129,128,127,126,125,124,124
PAN,Panama,Upper,146,142,139,137,136,135,135,134,133,133,132,131,130,130,129,130,131,133,135,137,138,140,140,140,139,138,137,136,137,138,140
PNG,Papua New Guinea,Lower,517,521,525,529,532,534,535,534,682,534,534,535,536,538,542,547,553,561,569,576,581,583,584,584,582,579,577,573,568,563,557
PNG,Papua New Guinea,Median,661,667,672,677,681,683,684,684,873,682,683,684,686,688,693,699,707,717,728,737,743,746,747,746,744,740,737,732,727,719,712
PNG,Papua New Guinea,Upper,846,854,860,867,871,875,876,875,1118,874,874,875,878,881,887,894,905,918,932,943,951,954,956,955,952,947,943,936,929,920,910
PRY,Paraguay,Lower,89,100,110,121,130,138,144,149,152,156,157,157,156,155,152,149,144,137,127,117,110,100,91,82,75,70,67,63,61,58,56
PRY,Paraguay,Median,281,291,301,311,321,331,339,346,352,356,360,363,366,368,368,368,366,364,362,358,353,346,336,325,315,305,298,291,285,280,273
PRY,Paraguay,Upper,475,487,501,512,525,537,546,554,560,565,570,577,581,586,593,603,612,622,631,640,650,650,648,640,633,632,629,628,634,636,640
PER,Peru,Lower,1390,1373,1360,1343,1326,1305,1286,1262,1236,1194,1153,1104,1073,1042,1018,986,945,895,840,780,721,659,605,557,515,478,437,399,371,345,321
PER,Peru,Median,2119,2063,2009,1957,1911,1867,1820,1774,1729,1682,1631,1575,1519,1466,1416,1364,1306,1248,1190,1136,1087,1032,984,945,914,891,854,825,803,783,755
PER,Peru,Upper,2902,2798,2713,2628,2532,2449,2365,2285,2217,2147,2084,2007,1934,1870,1811,1752,1689,1633,1577,1536,1505,1474,1464,1457,1458,1480,1464,1477,1486,1502,1513
PHL,Philippines,Lower,4823,5384,4967,5015,5040,5028,4999,4961,4911,4856,4782,4711,4652,4612,4584,4573,4573,4582,4586,4581,4553,4524,4489,5045,4457,4468,4493,4535,4570,4560,4497
PHL,Philippines,Median,5565,6046,5409,5347,5296,5251,5208,5162,5110,5045,4974,4899,4836,4786,4759,4753,4752,4761,4765,4757,4732,4704,4673,5271,4642,4655,4681,4729,4793,4863,4924
PHL,Philippines,Upper,6342,6730,5862,5686,5559,5479,5420,5367,5310,5242,5168,5086,5020,4971,4938,4932,4931,4939,4945,4935,4910,4883,4860,5502,4834,4846,4870,4925,5027,5178,5378
POL,Poland,Lower,849,840,821,798,775,750,718,682,643,604,569,540,513,488,463,435,406,377,348,322,298,275,255,238,224,215,211,209,208,205,199
POL,Poland,Median,894,876,857,836,813,785,751,713,671,631,595,564,536,510,484,456,426,396,366,338,313,289,269,252,239,229,225,224,224,225,223
POL,Poland,Upper,941,913,890,870,847,818,781,741,698,656,619,587,559,534,509,481,451,420,388,357,329,304,283,265,251,242,238,238,241,247,250
PRT,Portugal,Lower,288,275,260,245,228,211,195,179,163,148,135,123,112,102,94,86,80,75,71,67,64,59,56,52,49,46,43,41,38,35,32
PRT,Portugal,Median,315,298,280,262,244,227,209,192,176,160,146,133,121,111,102,94,88,83,78,74,71,66,62,58,55,52,49,47,44,42,40
PRT,Portugal,Upper,343,321,300,281,262,243,224,206,188,172,157,143,131,120,111,102,96,90,86,82,78,73,69,65,61,58,56,53,51,50,49
QAT,Qatar,Lower,10,10,11,11,11,11,11,11,11,11,11,11,11,11,12,13,12,11,11,12,12,13,13,13,13,13,12,11,10,9,8
QAT,Qatar,Median,14,14,14,14,14,14,14,14,14,14,14,14,13,14,14,16,15,14,14,15,15,16,16,16,17,17,17,16,16,16,16
QAT,Qatar,Upper,19,18,18,18,18,18,18,17,17,17,17,16,16,16,17,19,18,17,17,18,19,20,20,20,20,21,21,21,21,22,23
KOR,Republic of Korea,Lower,1428,1364,1301,1240,1170,1085,980,872,767,678,615,575,552,537,521,499,473,443,410,377,346,316,286,258,233,212,197,185,176,167,157
KOR,Republic of Korea,Median,1512,1434,1364,1298,1223,1131,1022,909,800,707,642,601,577,562,547,525,499,467,433,399,367,335,305,275,249,227,211,199,191,183,177
KOR,Republic of Korea,Upper,1597,1504,1424,1355,1276,1178,1065,947,832,737,669,627,603,588,573,551,524,492,456,422,388,356,324,293,265,242,225,213,206,200,197
MDA,Republic of Moldova,Lower,159,165,170,173,174,174,173,170,167,162,156,146,134,122,111,100,92,84,77,71,66,62,58,56,54,52,51,51,51,50,49
MDA,Republic of Moldova,Median,177,181,184,187,189,188,187,185,181,177,169,159,147,134,122,111,101,93,86,79,74,69,65,62,60,58,58,58,58,59,59
MDA,Republic of Moldova,Upper,196,197,199,202,204,203,202,200,196,191,184,173,160,147,134,121,111,102,94,87,81,76,72,69,66,64,64,65,66,68,70
ROU,Romania,Lower,859,822,791,750,697,659,645,721,847,952,978,880,714,529,392,319,277,264,261,260,260,248,235,222,213,213,210,205,194,180,153
ROU,Romania,Median,925,884,846,805,759,718,718,790,918,1027,1042,941,760,570,430,350,309,293,289,289,284,273,258,244,236,233,232,227,217,203,187
ROU,Romania,Upper,994,949,903,861,820,777,790,860,988,1102,1107,1003,808,612,469,382,341,322,318,319,310,298,281,266,258,253,255,249,240,228,220
RUS,Russian Federation,Lower,4784,5055,5294,5458,5543,5523,5431,5405,5423,5414,5326,5062,4680,4200,3705,3272,2904,2609,2366,2161,2012,1921,1885,1883,1884,1879,1852,1816,1770,1720,1653
RUS,Russian Federation,Median,5056,5324,5572,5751,5818,5772,5717,5687,5688,5666,5552,5291,4892,4392,3871,3405,3032,2724,2469,2258,2097,2004,1964,1958,1960,1951,1928,1889,1842,1795,1757
RUS,Russian Federation,Upper,5331,5601,5863,6070,6131,6027,5989,5965,5950,5917,5783,5532,5113,4587,4042,3548,3160,2835,2569,2351,2181,2088,2042,2035,2040,2027,2006,1965,1915,1875,1867
RWA,Rwanda,Lower,1937,2169,2574,3005,18035,3332,3435,3397,3295,3127,2954,2727,2489,2292,2058,1840,1624,1430,1304,1182,1087,992,914,856,794,761,745,698,571,331,52
RWA,Rwanda,Median,4312,4767,5308,5934,28828,6356,6113,5789,5444,5103,4775,4386,4003,3642,3304,2981,2674,2403,2170,1966,1792,1657,1579,1553,1573,1639,1735,1866,2017,2174,2303
RWA,Rwanda,Upper,7058,7672,8325,9218,42559,9895,9128,8430,7833,7290,6763,6253,5735,5202,4759,4319,3899,3518,3146,2861,2580,2407,2332,2359,2489,2669,2944,3374,4013,4981,6077
KNA,Saint Kitts and Nevis,Lower,2,2,2,2,2,2,2,2,1,1,1,1,1,1,1,1,1,1,1,1,1,1,1,1,1,1,1,1,1,1,1
KNA,Saint Kitts and Nevis,Median,2,2,2,2,2,2,2,2,2,2,2,2,2,2,2,1,1,1,1,1,1,1,1,1,1,1,1,1,1,1,1
KNA,Saint Kitts and Nevis,Upper,3,3,3,3,3,3,3,2,2,2,2,2,2,2,2,2,2,2,2,2,2,2,2,2,2,2,2,2,2,1,1
LCA,Saint Lucia,Lower,4,4,4,4,4,4,4,4,4,4,4,4,4,4,4,3,3,3,3,3,2,2,2,2,2,1,1,1,1,1,1
LCA,Saint Lucia,Median,6,6,6,6,6,6,6,6,6,6,6,6,6,6,5,5,5,5,5,5,4,4,4,4,4,3,3,3,3,3,3
LCA,Saint Lucia,Upper,9,9,8,8,8,8,8,8,8,8,8,8,8,8,7,7,7,7,7,7,6,6,6,6,6,6,5,5,5,5,5
VCT,Saint Vincent and the Grenadines,Lower,2,2,2,2,2,2,3,3,3,3,3,3,3,3,3,3,3,4,4,4,4,4,4,4,4,4,3,3,3,3,3
VCT,Saint Vincent and the Grenadines,Median,4,4,4,4,4,4,4,4,4,4,4,4,4,5,5,5,5,5,5,5,5,5,5,5,5,6,6,6,6,5,5
VCT,Saint Vincent and the Grenadines,Upper,6,6,6,6,6,6,6,6,6,6,6,6,6,6,6,6,6,6,7,7,7,7,7,7,7,8,8,8,8,8,8
WSM,Samoa,Lower,0,0,0,0,0,0,0,0,0,0,0,0,0,0,1,1,1,1,1,5,1,1,1,1,1,1,0,0,0,0,0
WSM,Samoa,Median,5,5,5,5,5,5,5,5,5,5,5,5,5,5,5,5,5,5,5,18,5,5,5,5,5,5,5,5,5,5,5
WSM,Samoa,Upper,23,21,19,18,16,15,14,13,12,11,11,10,10,10,10,10,10,10,10,30,9,9,9,9,9,9,10,10,10,11,11
SMR,San Marino,Lower,0,0,0,0,0,0,0,0,0,0,0,0,0,0,0,0,0,0,0,0,0,0,0,0,0,0,0,0,0,0,0
SMR,San Marino,Median,0,0,0,0,0,0,0,0,0,0,0,0,0,0,0,0,0,0,0,0,0,0,0,0,0,0,0,0,0,0,0
SMR,San Marino,Upper,1,1,0,0,0,0,0,0,0,0,0,0,0,0,0,0,0,0,0,0,0,0,0,0,0,0,0,0,0,0,0
STP,Sao Tome and Principe,Lower,23,24,25,25,25,25,24,23,23,22,21,20,19,18,16,16,15,14,13,13,12,12,12,11,11,10,10,9,9,9,9
STP,Sao Tome and Principe,Median,30,31,32,32,32,32,31,30,29,28,27,26,24,22,21,20,19,18,17,16,16,15,15,14,14,13,13,12,12,11,11
STP,Sao Tome and Principe,Upper,38,40,41,41,41,41,40,38,37,36,35,33,31,29,27,25,24,23,22,21,20,19,19,18,18,17,16,15,15,14,14
SAU,Saudi Arabia,Lower,1303,1286,1276,1270,1259,1236,1153,1075,1012,967,932,898,865,833,802,768,726,680,633,589,552,510,475,445,420,396,377,360,348,338,332
SAU,Saudi Arabia,Median,1665,1643,1630,1621,1608,1578,1472,1372,1292,1234,1190,1147,1104,1063,1023,980,927,867,807,752,704,651,606,568,535,506,481,460,443,432,424
SAU,Saudi Arabia,Upper,2129,2101,2084,2073,2056,2017,1881,1754,1652,1577,1521,1466,1410,1359,1307,1252,1184,1108,1031,960,900,832,774,725,684,646,614,587,566,551,542
SEN,Senegal,Lower,1072,1111,1184,1297,1434,1600,1736,1850,1913,1968,1998,2021,2042,2031,2004,1946,1897,1836,1788,1736,1686,1618,1536,1443,1335,1214,1082,923,782,661,570
SEN,Senegal,Median,2128,2185,2273,2389,2526,2665,2798,2918,3011,3070,3096,3070,3018,2946,2862,2774,2687,2605,2529,2456,2379,2299,2217,2135,2050,1968,1886,1818,1759,1719,1688
SEN,Senegal,Upper,3293,3364,3451,3563,3671,3818,3984,4159,4273,4347,4343,4218,4071,3921,3767,3622,3490,3386,3295,3193,3099,2990,2904,2845,2800,2798,2816,2852,2931,3030,3139
SRB,Serbia,Lower,207,204,199,192,185,178,173,169,163,155,148,141,135,125,114,104,96,90,85,81,77,74,71,69,67,65,63,61,58,55,51
SRB,Serbia,Median,229,223,217,211,205,199,191,184,179,173,166,158,148,137,127,117,109,102,96,91,87,83,80,77,75,73,71,69,67,64,62
SRB,Serbia,Upper,251,243,235,228,222,215,206,199,196,194,187,177,163,149,138,128,120,113,106,101,96,92,88,86,83,81,79,78,76,75,75
SYC,Seychelles,Lower,1,1,1,1,1,1,1,1,1,1,1,1,1,1,1,1,1,1,1,1,1,1,1,1,1,1,1,1,1,1,1
SYC,Seychelles,Median,3,3,3,3,2,2,2,2,2,2,2,2,2,2,2,2,2,2,2,2,2,2,2,2,2,2,2,2,2,2,2
SYC,Seychelles,Upper,4,4,4,4,4,4,4,4,4,4,4,3,3,3,3,3,3,3,3,3,3,3,3,3,3,3,3,4,4,4,4
SLE,Sierra Leone,Lower,0,0,0,0,12,109,205,285,358,424,489,551,609,657,707,740,753,755,753,742,742,747,754,741,729,677,632,563,473,365,263
SLE,Sierra Leone,Median,1638,1616,1589,1556,1524,1492,1465,1439,1419,1408,1405,1419,1445,1474,1502,1522,1531,1534,1538,1547,1561,1580,1606,1642,1677,1711,1733,1760,1780,1794,1803
SLE,Sierra Leone,Upper,7953,6868,5952,5177,4476,3922,3437,3062,2771,2590,2470,2385,2342,2333,2343,2342,2327,2327,2332,2349,2374,2420,2481,2569,2685,2818,2966,3143,3345,3566,3774
SGP,Singapore,Lower,48,47,46,44,42,41,41,40,39,37,35,35,35,34,32,31,31,31,30,27,25,25,24,23,21,19,17,16,15,14,13
SGP,Singapore,Median,56,54,52,50,48,46,46,45,44,42,40,40,39,38,37,35,36,35,34,32,29,29,28,27,25,23,21,20,19,19,18
SGP,Singapore,Upper,64,61,58,55,53,50,51,50,49,47,44,44,44,43,41,40,40,40,39,36,33,33,32,31,29,26,25,24,24,24,23
SVK,Slovakia,Lower,108,108,106,103,100,97,93,90,87,84,80,77,73,69,66,62,58,54,50,46,43,40,38,36,35,33,32,32,31,30,29
SVK,Slovakia,Median,124,121,118,114,110,106,102,98,95,92,88,84,81,77,73,68,64,60,55,51,48,45,43,41,39,38,38,37,37,37,36
SVK,Slovakia,Upper,139,135,130,124,119,115,111,108,104,101,97,93,89,85,80,76,71,66,61,57,53,50,48,46,44,43,43,43,43,43,43
SVN,Slovenia,Lower,27,27,26,25,24,23,21,20,19,18,16,15,14,13,12,11,10,9,9,8,8,7,7,7,6,6,6,6,6,5,5
SVN,Slovenia,Median,35,34,32,30,29,27,25,24,22,21,19,18,17,15,14,13,12,11,11,10,10,9,9,9,8,8,8,8,8,8,8
SVN,Slovenia,Upper,43,41,38,36,33,31,29,28,26,24,23,21,19,18,17,15,14,14,13,12,12,11,11,10,10,10,10,10,10,10,11
SLB,Solomon Islands,Lower,21,21,21,21,21,21,21,21,21,22,22,22,23,23,24,24,24,28,24,25,25,25,25,25,25,25,25,24,24,24,24
SLB,Solomon Islands,Median,27,27,27,27,27,27,27,27,27,28,28,28,29,30,30,31,31,36,31,31,32,32,32,32,32,32,31,31,31,31,31
SLB,Solomon Islands,Upper,35,35,35,35,34,34,34,35,35,35,36,36,37,38,39,40,40,46,40,40,41,41,41,41,41,40,40,40,40,40,40
SOM,Somalia,Lower,1774,1741,1716,1709,1722,1750,1800,1871,1958,2053,2149,2240,2338,2440,2548,2659,2776,2882,2966,3028,3530,3551,3093,3088,3084,3089,3094,3097,3101,3109,3109
SOM,Somalia,Median,2290,2246,2214,2205,2221,2257,2322,2413,2526,2648,2772,2890,3016,3148,3287,3431,3581,3717,3825,3904,4554,4581,3985,3978,3973,3978,3984,3988,3992,4002,4000
SOM,Somalia,Upper,2968,2910,2869,2857,2877,2925,3008,3127,3272,3431,3591,3744,3907,4079,4259,4445,4640,4815,4954,5055,5902,5934,5156,5146,5137,5143,5150,5154,5158,5170,5167
ZAF,South Africa,Lower,38,244,444,658,880,1144,1443,1770,2151,2535,2952,3362,3718,3947,4077,4127,4163,4175,4135,4051,3926,3751,3575,3363,3169,3029,2929,2871,2801,2683,2470
ZAF,South Africa,Median,2011,2181,2369,2574,2791,2995,3218,3444,3665,3903,4144,4408,4662,4888,5072,5200,5242,5193,5064,4875,4661,4427,4183,3947,3740,3566,3444,3359,3298,3233,3162
ZAF,South Africa,Upper,5222,5282,5366,5497,5560,5614,5671,5667,5636,5591,5542,5549,5634,5854,6145,6306,6350,6225,5980,5720,5410,5117,4825,4564,4337,4148,3994,3876,3810,3834,3931
SSD,South Sudan,Lower,1777,1715,1640,1566,1507,1471,1472,1499,1537,1573,1596,1604,1606,1606,1610,1617,1635,1655,1673,1681,1677,1663,1656,1662,1679,1700,1716,1730,1744,1761,1780
SSD,South Sudan,Median,2312,2231,2132,2035,1959,1911,1912,1946,1995,2042,2070,2079,2082,2081,2086,2094,2116,2142,2164,2174,2169,2150,2140,2148,2171,2198,2219,2236,2255,2276,2301
SSD,South Sudan,Upper,3005,2898,2769,2643,2543,2479,2479,2523,2585,2644,2680,2691,2693,2691,2695,2705,2732,2764,2792,2804,2797,2771,2759,2769,2797,2832,2859,2882,2906,2934,2966
ESP,Spain,Lower,718,675,627,577,530,488,451,418,390,364,341,323,307,295,283,271,261,251,242,235,227,218,208,199,192,186,182,180,177,173,166
ESP,Spain,Median,762,711,658,604,554,510,471,436,407,380,357,338,322,308,296,284,273,264,255,248,240,231,221,212,204,198,195,193,192,190,185
ESP,Spain,Upper,805,747,688,630,577,531,491,457,427,400,377,356,339,325,311,298,287,276,268,260,252,243,233,223,215,210,207,207,209,211,210
LKA,Sri Lanka,Lower,1059,1032,999,968,942,916,890,861,827,789,750,711,675,645,2583,604,596,592,589,1027,566,537,499,455,410,366,328,293,264,239,217
LKA,Sri Lanka,Median,1116,1079,1042,1010,981,953,925,895,859,820,780,740,705,675,2748,636,628,625,620,1098,595,564,526,484,444,407,377,354,335,319,306
LKA,Sri Lanka,Upper,1172,1126,1086,1051,1019,990,960,929,893,851,811,770,735,707,2913,669,661,657,653,1172,624,591,553,514,479,450,431,423,420,423,428
PSE,State of Palestine,Lower,43,49,57,63,69,76,83,89,94,100,105,110,114,117,119,119,119,116,112,105,96,86,75,66,42,48,40,34,31,27,24
PSE,State of Palestine,Median,149,153,157,161,166,171,176,183,191,197,203,209,215,219,223,226,227,228,228,227,225,223,220,217,252,213,211,211,212,213,215
PSE,State of Palestine,Upper,266,265,264,264,267,270,276,283,290,299,306,312,318,322,327,331,335,339,344,350,358,366,377,390,493,417,430,448,470,492,514
SDN,Sudan,Lower,780,767,731,771,797,837,846,843,844,841,819,791,733,689,620,561,489,380,283,203,95,0,0,0,0,0,0,0,0,0,0
SDN,Sudan,Median,4174,4215,4245,4268,4271,4240,4198,4135,4067,4006,3949,3917,3893,3879,3861,3833,3796,3773,4184,3741,3741,3743,3750,3759,3757,3766,3743,3731,3698,3653,3617
SDN,Sudan,Upper,8552,8750,8889,8958,8900,8714,8530,8212,7840,7568,7337,7188,7105,7115,7158,7203,7281,7347,8354,7579,7748,7924,8168,8518,8789,9122,9400,9648,9973,10323,10612
SUR,Suriname,Lower,17,17,17,18,18,18,18,18,18,18,17,17,17,17,17,17,17,17,17,17,17,17,17,17,17,16,16,16,16,15,15
SUR,Suriname,Median,21,21,21,21,21,21,21,21,21,21,21,20,20,20,20,20,20,20,20,20,20,20,20,20,20,20,20,20,21,21,21
SUR,Suriname,Upper,26,25,25,25,25,25,25,25,24,24,24,24,24,23,24,24,23,23,23,23,23,23,23,23,24,24,24,25,26,27,28
SWE,Sweden,Lower,65,64,63,63,62,62,62,63,64,65,65,66,66,65,64,62,59,56,51,47,44,42,41,41,42,42,42,42,42,41,40
SWE,Sweden,Median,75,72,71,69,68,68,68,69,70,71,71,71,71,71,70,68,65,61,56,52,48,47,46,46,46,47,47,47,48,48,47
SWE,Sweden,Upper,84,81,78,76,75,74,74,75,76,77,78,78,79,78,77,74,71,66,61,56,53,51,50,50,51,51,52,53,54,55,55
CHE,Switzerland,Lower,64,64,64,63,62,61,60,58,56,54,52,50,49,47,46,44,42,40,38,36,34,32,31,30,29,28,28,27,26,25,24
CHE,Switzerland,Median,75,73,72,71,69,68,66,64,62,60,58,56,55,53,52,50,48,46,44,42,40,38,36,35,34,33,32,32,32,31,31
CHE,Switzerland,Upper,86,82,80,79,78,76,73,71,69,66,64,62,61,59,57,55,54,51,49,47,45,43,41,39,38,37,37,37,38,38,40
SYR,Syrian Arab Republic,Lower,929,983,1035,1076,1109,1138,1151,1150,1133,1095,1038,968,897,836,796,785,793,819,849,868,860,884,1760,1899,1627,1141,874,430,366,302,252
SYR,Syrian Arab Republic,Median,1367,1377,1379,1374,1361,1339,1309,1270,1221,1160,1089,1013,938,874,833,821,830,857,891,918,926,986,2144,2550,2467,1968,1763,834,812,753,783
SYR,Syrian Arab Republic,Upper,1856,1811,1762,1702,1633,1555,1475,1393,1310,1226,1142,1060,980,913,871,858,867,895,933,968,994,1092,2551,3262,3399,2897,2784,1310,1355,1311,1468
TJK,Tajikistan,Lower,389,436,531,521,544,546,598,494,452,409,368,331,302,279,262,250,241,235,232,230,227,221,214,206,199,194,191,188,185,182,177
TJK,Tajikistan,Median,416,462,562,550,573,575,632,520,477,431,388,350,319,295,278,266,256,250,247,244,242,235,227,219,212,208,206,207,210,214,218
TJK,Tajikistan,Upper,445,490,594,579,603,604,665,546,501,454,409,369,337,312,294,281,271,265,261,259,256,249,241,232,225,222,223,227,236,248,264
THA,Thailand,Lower,3246,3212,3158,3094,3035,2976,2901,2856,2847,2883,2941,2987,3014,3009,3406,2897,2806,2710,2613,2521,2431,2365,2300,2237,2185,2145,2106,2080,2055,2014,1949
THA,Thailand,Median,3474,3386,3306,3231,3162,3099,3019,2969,2960,2996,3057,3102,3132,3129,3546,3013,2915,2812,2708,2610,2517,2447,2379,2314,2258,2218,2178,2153,2137,2121,2097
THA,Thailand,Upper,3705,3561,3455,3368,3290,3225,3140,3085,3075,3112,3173,3220,3251,3251,3688,3130,3024,2912,2803,2698,2603,2530,2457,2390,2332,2290,2250,2227,2222,2233,2252
TLS,Timor-Leste,Lower,101,101,104,108,112,114,115,115,114,113,114,114,114,115,115,114,111,108,105,103,101,100,99,99,99,97,95,92,89,86,84
TLS,Timor-Leste,Median,130,130,133,139,143,146,147,147,146,145,146,145,146,147,147,146,142,138,134,131,129,128,127,127,126,124,121,118,114,110,107
TLS,Timor-Leste,Upper,167,167,171,178,184,187,189,189,187,186,187,186,187,188,188,186,182,177,172,168,165,163,162,162,161,159,155,151,146,141,136
TGO,Togo,Lower,213,225,238,256,270,283,295,307,320,333,340,344,347,353,354,350,352,352,350,352,346,329,314,289,255,222,187,149,124,98,76
TGO,Togo,Median,898,904,912,922,931,939,943,947,949,948,944,939,932,925,920,920,920,925,930,938,945,953,962,973,982,991,997,1002,1003,1002,998
TGO,Togo,Upper,1623,1633,1642,1651,1660,1673,1673,1672,1674,1664,1656,1626,1595,1577,1552,1534,1523,1532,1543,1562,1590,1624,1672,1719,1774,1824,1875,1923,1968,2016,2073
TON,Tonga,Lower,1,1,1,2,2,2,2,2,3,3,3,3,3,3,3,3,3,3,2,2,2,2,1,1,1,1,1,0,0,0,0
TON,Tonga,Median,4,4,4,4,4,5,5,5,4,4,4,4,4,4,4,4,4,4,4,4,4,4,3,3,3,3,3,2,2,2,2
TON,Tonga,Upper,7,7,7,7,7,7,7,7,6,6,6,6,6,6,6,6,6,6,6,6,5,5,5,5,5,5,5,5,5,5,5
TTO,Trinidad and Tobago,Lower,43,45,46,48,50,50,50,49,47,45,43,41,39,36,34,32,31,29,27,26,25,24,24,23,23,22,22,21,20,19,18
TTO,Trinidad and Tobago,Median,51,52,53,55,56,57,56,55,53,51,49,46,44,42,39,37,35,33,31,30,29,28,27,27,27,26,26,26,26,26,25
TTO,Trinidad and Tobago,Upper,59,59,60,62,64,64,63,62,60,57,55,52,49,47,44,42,39,37,35,34,33,32,31,31,31,31,31,31,32,33,33
TUN,Tunisia,Lower,467,474,479,481,480,476,467,457,445,431,413,390,365,340,317,296,278,262,250,240,232,228,226,227,229,233,235,235,231,225,218
TUN,Tunisia,Median,574,561,549,536,522,509,496,485,474,463,449,433,414,394,374,355,338,322,308,295,283,274,267,262,259,258,259,262,265,270,274
TUN,Tunisia,Upper,685,651,620,591,565,543,526,513,503,495,487,478,466,452,436,420,404,388,373,356,339,325,312,300,290,284,283,289,302,319,341
TUR,Turkey,Lower,386,559,722,888,1048,1190,1335,1478,1604,2828,1857,1980,2085,2181,2263,2322,2363,2372,2354,2291,2185,2051,1907,1772,1660,1573,1503,1448,1394,1335,1270
TUR,Turkey,Median,2505,2601,2694,2785,2865,2932,2986,3027,3053,4533,3068,3059,3037,3000,2949,2883,2807,2714,2602,2467,2312,2151,1992,1848,1730,1635,1561,1505,1459,1417,1379
TUR,Turkey,Upper,5043,5026,5008,4987,4981,4914,4854,4781,4685,6506,4457,4267,4078,3896,3697,3500,3287,3066,2861,2649,2442,2251,2078,1926,1798,1698,1620,1564,1525,1502,1492
TKM,Turkmenistan,Lower,261,271,280,287,293,299,303,308,312,314,313,312,310,306,299,289,273,254,234,215,201,192,187,185,183,179,173,165,156,148,142
TKM,Turkmenistan,Median,283,290,298,305,311,316,321,326,330,332,332,332,329,325,318,307,290,270,249,230,215,205,201,199,199,199,198,196,194,193,196
TKM,Turkmenistan,Upper,305,309,316,322,328,334,338,343,348,351,352,351,349,344,337,325,308,287,265,244,229,219,214,213,216,221,225,231,240,253,271
TUV,Tuvalu,Lower,0,1,1,1,1,1,1,1,1,1,1,1,1,1,1,1,1,1,0,0,0,0,0,0,0,0,0,0,0,0,0
TUV,Tuvalu,Median,1,1,1,1,1,1,1,1,1,1,1,1,1,1,1,1,1,1,1,1,1,1,1,1,1,1,1,1,1,1,1
TUV,Tuvalu,Upper,1,1,1,1,1,1,1,1,1,1,1,1,1,1,1,1,1,1,1,1,1,1,1,1,1,1,1,1,1,1,1
UGA,Uganda,Lower,2051,2153,2265,2398,2518,2641,2757,2844,2957,3050,3136,3212,3287,3337,3372,3376,3363,3330,3262,3207,3119,3000,2870,2742,2542,2334,2167,1988,1784,1646,1496
UGA,Uganda,Median,4341,4426,4505,4593,4674,4757,4837,4920,5011,5119,5230,5345,5446,5561,5677,5785,5869,5961,6044,6131,6223,6313,6397,6487,6583,6686,6796,6901,7014,7097,7151
UGA,Uganda,Upper,6694,6732,6792,6822,6889,6951,7012,7103,7205,7347,7471,7626,7770,7940,8119,8306,8512,8732,8987,9256,9523,9825,10210,10597,11000,11506,12035,12554,13114,13733,14300
UKR,Ukraine,Lower,1457,1490,1509,1518,1514,1493,1456,1406,1348,1285,1224,1158,1089,1018,947,878,811,744,679,618,564,518,480,450,426,412,405,404,405,401,389
UKR,Ukraine,Median,1532,1554,1573,1583,1578,1554,1514,1461,1400,1336,1270,1202,1132,1059,986,914,844,774,706,644,588,540,501,469,445,430,424,423,425,426,422
UKR,Ukraine,Upper,1610,1623,1637,1646,1642,1615,1575,1519,1454,1387,1318,1248,1175,1100,1025,950,878,805,734,670,611,562,522,489,464,449,443,443,447,451,454
ARE,United Arab Emirates,Lower,42,42,42,44,45,46,46,46,48,50,52,51,48,46,46,47,47,47,48,50,51,51,50,48,48,49,50,51,52,53,54
ARE,United Arab Emirates,Median,54,54,55,56,58,59,60,60,61,64,67,65,62,60,60,61,60,60,62,64,66,66,64,62,62,63,65,65,66,68,69
ARE,United Arab Emirates,Upper,69,69,70,72,75,76,77,77,79,82,86,84,79,77,76,78,78,77,79,83,84,85,82,80,80,81,83,84,85,87,89
GBR,United Kingdom,Lower,640,620,606,597,588,579,567,556,547,539,532,524,513,499,482,463,445,424,403,382,363,346,331,319,308,302,301,300,297,291,279
GBR,United Kingdom,Median,667,647,632,622,613,604,592,582,572,564,557,549,538,523,506,487,468,447,425,404,384,367,351,338,327,320,320,323,326,330,330
GBR,United Kingdom,Upper,695,674,658,648,639,630,618,608,598,591,583,575,564,549,531,511,492,470,446,424,404,387,371,356,345,339,340,346,359,375,391
TZA,United Republic of Tanzania,Lower,2542,2629,2734,2799,2848,2904,2906,2848,2769,2640,2488,2369,2193,2092,1998,1898,1783,1749,1746,1866,1914,1930,1772,1495,1128,692,352,0,0,0,0
TZA,United Republic of Tanzania,Median,5755,5826,5883,5926,5940,5908,5819,5711,5584,5452,5321,5213,5116,5025,4941,4860,4775,4713,4696,4734,4832,4994,5206,5440,5661,5883,6051,6197,6329,6433,6514
TZA,United Republic of Tanzania,Upper,9270,9377,9460,9426,9411,9351,9165,8987,8752,8469,8277,8097,7930,7859,7813,7741,7710,7671,7646,7639,7817,8103,8788,10188,12184,14533,16744,18903,20767,22491,24010
USA,United States of America,Lower,4420,4398,4393,4413,4437,4426,4393,4342,4262,4169,4061,3996,3943,3880,3792,3670,3519,3361,3200,3066,2962,2889,2858,2854,2876,2901,2952,2999,3025,2994,2877
USA,United States of America,Median,4625,4585,4578,4588,4602,4597,4559,4498,4416,4323,4230,4155,4088,4020,3932,3812,3655,3485,3321,3182,3083,3010,2973,2969,2986,3017,3069,3118,3158,3180,3175
USA,United States of America,Upper,4824,4766,4751,4761,4774,4788,4748,4676,4583,4481,4396,4313,4240,4171,4083,3972,3800,3613,3439,3292,3199,3124,3085,3077,3093,3130,3189,3241,3294,3373,3473
URY,Uruguay,Lower,80,80,79,77,75,73,72,71,71,70,69,68,67,66,65,63,62,60,58,56,54,52,51,49,47,45,43,41,38,36,33
URY,Uruguay,Median,93,91,88,85,82,80,78,77,77,76,75,74,73,72,71,69,67,66,64,62,60,58,56,54,52,50,49,47,45,43,42
URY,Uruguay,Upper,105,101,97,93,90,87,85,84,83,83,82,81,79,78,77,75,74,72,70,68,66,64,62,60,58,56,54,53,51,50,49
UZB,Uzbekistan,Lower,1388,1447,1502,1552,1594,1624,1634,1629,1609,1568,1510,1443,1373,1308,1250,1201,1155,1116,1082,1055,1037,1019,1005,992,983,982,985,990,989,973,937
UZB,Uzbekistan,Median,1464,1514,1567,1619,1661,1691,1701,1696,1673,1630,1569,1498,1425,1357,1297,1246,1200,1159,1123,1096,1076,1058,1042,1029,1020,1019,1023,1028,1028,1018,996
UZB,Uzbekistan,Upper,1539,1580,1631,1684,1727,1756,1768,1761,1736,1693,1627,1554,1478,1407,1346,1292,1244,1201,1165,1136,1115,1097,1080,1067,1058,1057,1062,1066,1067,1064,1056
VUT,Vanuatu,Lower,9,9,9,9,9,9,9,9,9,9,9,9,10,10,10,10,10,10,11,11,11,12,12,12,12,12,13,13,13,14,14
VUT,Vanuatu,Median,11,11,11,12,12,12,12,12,12,12,12,12,12,13,13,13,13,13,14,14,15,15,15,15,15,16,16,17,17,17,18
VUT,Vanuatu,Upper,15,15,15,15,15,15,15,15,15,15,15,15,16,16,16,17,17,17,18,18,19,19,19,19,19,20,21,21,22,22,23
VEN,Venezuela (Bolivarian Republic of),Lower,993,1001,1000,998,997,1001,1011,1027,1049,2253,1105,1134,1157,1170,1172,1167,1154,1134,1110,1086,1066,1055,1055,1066,1079,1079,1059,1159,1106,920,873
VEN,Venezuela (Bolivarian Republic of),Median,1055,1047,1040,1034,1033,1037,1048,1065,1089,2366,1146,1175,1198,1210,1213,1206,1192,1172,1147,1123,1103,1092,1094,1107,1125,1134,1129,1268,1254,1095,1101
VEN,Venezuela (Bolivarian Republic of),Upper,1115,1093,1080,1073,1071,1075,1085,1104,1129,2483,1189,1217,1239,1251,1252,1247,1232,1211,1185,1160,1140,1129,1133,1149,1171,1190,1203,1384,1414,1286,1355
VNM,Viet Nam,Lower,1351,1509,1637,1785,1919,2047,2167,2265,2339,2387,2432,2468,2478,2470,2475,2463,2408,2338,2255,2171,2087,2026,1985,1945,1891,1831,1775,1727,1675,1621,1565
VNM,Viet Nam,Median,4409,4417,4426,4433,4439,4438,4425,4415,4400,4368,4327,4287,4228,4155,4052,3895,3690,3455,3198,2957,2764,2624,2528,2464,2420,2385,2364,2354,2346,2338,2323
VNM,Viet Nam,Upper,8030,7782,7556,7372,7184,7005,6842,6657,6506,6342,6155,6021,5845,5639,5420,5132,4786,4418,4036,3694,3423,3215,3076,3001,2965,2971,3018,3105,3220,3338,3457
YEM,Yemen,Lower,1275,1288,1305,1325,1336,1344,1338,1329,1326,1299,1271,1232,1182,1122,1064,1003,921,838,746,659,588,522,449,394,341,285,243,214,158,132,146
YEM,Yemen,Median,2268,2277,2300,2323,2344,2356,2366,2376,2378,2374,2366,2357,2341,2319,2285,2234,2159,2077,1993,1908,1834,1774,1721,1685,1654,1874,1811,1775,1911,1868,1683
YEM,Yemen,Upper,3309,3299,3329,3373,3404,3430,3470,3488,3506,3526,3559,3560,3567,3580,3587,3562,3507,3438,3366,3301,3262,3241,3251,3286,3309,3899,3911,3979,4506,4565,4264
ZMB,Zambia,Lower,1066,1065,1058,1047,1030,991,959,921,891,866,848,839,838,844,866,878,865,846,823,798,773,745,703,651,596,480,355,236,128,33,0
ZMB,Zambia,Median,2133,2121,2102,2080,2062,2048,2028,2013,1997,1985,1965,1942,1925,1911,1909,1917,1922,1934,1950,1969,1993,2016,2049,2077,2101,2119,2124,2119,2108,2097,2089
ZMB,Zambia,Upper,3229,3195,3183,3196,3213,3219,3224,3234,3229,3199,3159,3102,3028,2983,2963,2970,2973,2998,3053,3134,3231,3340,3467,3604,3757,3935,4120,4326,4467,4617,4742
ZWE,Zimbabwe,Lower,660,718,762,801,810,830,856,883,938,999,1068,1119,1176,1210,1249,1265,1261,1290,1344,1423,1520,1618,1724,1798,1836,1843,1806,1748,1681,1611,1567
ZWE,Zimbabwe,Median,1555,1604,1645,1683,1723,1764,1821,1886,1952,2014,2069,2099,2128,2159,2192,2232,2250,2276,2313,2355,2409,2452,2519,2609,2743,2896,3040,3172,3290,3389,3467
ZWE,Zimbabwe,Upper,2424,2451,2480,2516,2555,2615,2690,2774,2861,2939,2994,3042,3105,3161,3230,3311,3324,3355,3395,3376,3331,3291,3333,3435,3637,3922,4239,4599,4953,5267,5549
